id,url,deeplink,position,name,bathrooms,bedrooms,beds,city,images,hostThumbnail,isSuperhost,rareFind,lat,lng,persons,reviewsCount,rating,type,userId,address,amenityIds,previewAmenities,cancelPolicy,price
33770956,https://www.airbnb.com/rooms/33770956,https://www.airbnb.com/rooms/33770956?check_in=2024-07-11&check_out=2024-07-13&adults=6&children=0&infants=0&pets=0,1,Sea View Apartment With 3 Bedrooms,1,3,5,Pärnu,"['https://a0.muscache.com/im/pictures/d85a9a22-e496-463d-acdc-4e2cef57621f.jpg?im_w=720', 'https://a0.muscache.com/im/pictures/c76b6256-22c3-43f1-8803-8c4c695fe991.jpg?im_w=720', 'https://a0.muscache.com/im/pictures/262c1935-fb6b-4bc3-8e32-e44b4b0580e2.jpg?im_w=720', 'https://a0.muscache.com/im/pictures/29075d40-92e5-475f-ab60-b34d66f65860.jpg?im_w=720', 'https://a0.muscache.com/im/pictures/47e47844-6b45-432d-b2f6-fe2b0a18fa02.jpg?im_w=720', 'https://a0.muscache.com/im/pictures/814bef96-7ada-41f1-9ba2-76a6c8e7bffa.jpg?im_w=720', 'https://a0.muscache.com/im/pictures/3ad02233-ae37-4d6d-9c56-3e2e82010176.jpg?im_w=720', 'https://a0.muscache.com/im/pictures/b9592367-03ce-4b40-8e00-e0dc5a0a7eac.jpg?im_w=720', 'https://a0.muscache.com/im/pictures/3f401972-308a-4ecf-9904-9aff97b3d201.jpg?im_w=720', 'https://a0.muscache.com/im/pictures/ac10f5e6-83f9-4586-a42c-29558089ec70.jpg?im_w=720', 'https://a0.muscache.com/im/pictures/miso/Hosting-33770956/original/88db9a39-9376-40f6-8c64-ac5250b76075.jpeg?im_w=720']",https://a0.muscache.com/im/pictures/user/adfb44f2-edfc-4de3-b255-d2c91ff4c338.jpg?aki_policy=profile_x_medium,False,False,58.3711,24.53338,8,136,4.76,Entire rental unit,2617400,"Pärnu, Pärnu maakond, Estonia","[1, 3, 4, 134, 8, 392, 9, 73, 137, 331, 12, 77, 85, 86, 23, 89, 90, 91, 667, 28, 92, 93, 30, 94, 31, 95, 671, 96, 33, 674, 35, 36, 100, 39, 103, 167, 40, 104, 44, 236, 46, 47, 51, 308, 54, 56, 57, 251]","['Free parking', 'Wifi', 'Kitchen', 'Self check-in']",CANCEL_FLEXIBLE,"{'rate': 332, 'currency': 'EUR', 'total': 663, 'priceItems': [{'title': '€\xa0284 x 2 nights', 'amount': 568}, {'title': 'Airbnb service fee', 'amount': 95}]}"
47904616,https://www.airbnb.com/rooms/47904616,https://www.airbnb.com/rooms/47904616?check_in=2024-07-11&check_out=2024-07-13&adults=6&children=0&infants=0&pets=0,2,"C Spacious, 3-bedroom apartment, large terrace",2,3,3,Pärnu,"['https://a0.muscache.com/im/pictures/miso/Hosting-47904616/original/f32eeafd-3766-4bc8-9f37-07a37fdb710e.jpeg?im_w=720', 'https://a0.muscache.com/im/pictures/miso/Hosting-47904616/original/1014ed19-5785-48bb-b248-072beb0f7827.jpeg?im_w=720', 'https://a0.muscache.com/im/pictures/miso/Hosting-47904616/original/944a7636-1907-4186-a097-5b2e7fa24746.jpeg?im_w=720', 'https://a0.muscache.com/im/pictures/miso/Hosting-47904616/original/ffb7fbac-2d69-4dbf-905c-f7c29f077e3d.jpeg?im_w=720', 'https://a0.muscache.com/im/pictures/7bcf7cd7-431e-46ff-8f14-d4bedb371b8e.jpg?im_w=720', 'https://a0.muscache.com/im/pictures/247ae185-3734-4dfc-bd4b-8dcc902c3f69.jpg?im_w=720', 'https://a0.muscache.com/im/pictures/0ff863c0-aa1d-4e4c-8b6c-80d91c06400c.jpg?im_w=720', 'https://a0.muscache.com/im/pictures/miso/Hosting-47904616/original/d5b27f17-f235-4c35-bf66-3745c6368c6c.jpeg?im_w=720', 'https://a0.muscache.com/im/pictures/miso/Hosting-47904616/original/75e3547b-2c8a-4fa3-bebc-d07b169ecf40.jpeg?im_w=720', 'https://a0.muscache.com/im/pictures/miso/Hosting-47904616/original/01567ea0-4725-4078-b90a-7fcfdc184a6d.jpeg?im_w=720', 'https://a0.muscache.com/im/pictures/miso/Hosting-47904616/original/5a3c010e-68dc-4f8e-965a-bf45ed05c5fe.jpeg?im_w=720', 'https://a0.muscache.com/im/pictures/miso/Hosting-47904616/original/3f323d86-a0af-4256-b895-3d1d5323bec8.jpeg?im_w=720', 'https://a0.muscache.com/im/pictures/miso/Hosting-47904616/original/f8cd5240-e07d-4dca-b3ea-542a6c440ffa.jpeg?im_w=720', 'https://a0.muscache.com/im/pictures/miso/Hosting-47904616/original/89fcf9b9-19e7-44f4-8667-97ca332e3293.jpeg?im_w=720', 'https://a0.muscache.com/im/pictures/miso/Hosting-47904616/original/4f146eec-488e-4859-8b07-09ba27a92c11.jpeg?im_w=720', 'https://a0.muscache.com/im/pictures/miso/Hosting-47904616/original/973e372b-35aa-445c-b0c1-21e315d45a33.jpeg?im_w=720', 'https://a0.muscache.com/im/pictures/miso/Hosting-47904616/original/5fc25197-d03a-4d30-bc44-c4027746a7a1.jpeg?im_w=720', 'https://a0.muscache.com/im/pictures/miso/Hosting-47904616/original/d19dd486-d749-43a8-84cf-7404b1a02620.jpeg?im_w=720']",https://a0.muscache.com/im/pictures/user/606318c1-2971-46c5-8426-313a327e2094.jpg?aki_policy=profile_x_medium,False,False,58.37139,24.53356,6,30,4.7,Entire rental unit,4492256,"Pärnu, Pärnu maakond, Estonia","[1, 35, 4, 37, 39, 71, 8, 40, 9, 45, 46, 51, 52, 57, 30]","['Free parking', 'Wifi', 'Kitchen', 'Self check-in']",CANCEL_STRICT_14_WITH_GRACE_PERIOD,"{'rate': 410, 'currency': 'EUR', 'total': 820, 'priceItems': [{'title': '€\xa0410 x 2 nights', 'amount': 820}]}"
824565993877267554,https://www.airbnb.com/rooms/824565993877267554,https://www.airbnb.com/rooms/824565993877267554?check_in=2024-07-11&check_out=2024-07-13&adults=6&children=0&infants=0&pets=0,3,Pärnu Luxury Penthouse,2,3,5,Pärnu,"['https://a0.muscache.com/im/pictures/miso/Hosting-824565993877267554/original/ea0fa1ec-5ba7-4c80-b9fd-fe5888f07301.jpeg?im_w=720', 'https://a0.muscache.com/im/pictures/miso/Hosting-824565993877267554/original/0953be03-11f5-4f65-b797-a726a1dbb586.jpeg?im_w=720', 'https://a0.muscache.com/im/pictures/miso/Hosting-824565993877267554/original/052e89d1-6033-4b27-a215-21900ac11dbc.jpeg?im_w=720', 'https://a0.muscache.com/im/pictures/miso/Hosting-824565993877267554/original/1b45845e-6e2e-4648-88cc-34c7e15b6c73.jpeg?im_w=720', 'https://a0.muscache.com/im/pictures/miso/Hosting-824565993877267554/original/8a074bce-d4f6-47fb-ad95-4075b853fca4.jpeg?im_w=720', 'https://a0.muscache.com/im/pictures/miso/Hosting-824565993877267554/original/5d41f49d-5576-4a8b-8745-cd39a4fc002a.jpeg?im_w=720', 'https://a0.muscache.com/im/pictures/miso/Hosting-824565993877267554/original/d5e6ca0a-b7d7-4df2-9ba0-4386dfc1829f.jpeg?im_w=720', 'https://a0.muscache.com/im/pictures/miso/Hosting-824565993877267554/original/7f724853-a439-4ff8-9c1a-de5f425dcfe5.jpeg?im_w=720', 'https://a0.muscache.com/im/pictures/miso/Hosting-824565993877267554/original/e07a1b2a-a0c4-4435-9fcb-db1674a0c060.jpeg?im_w=720', 'https://a0.muscache.com/im/pictures/miso/Hosting-824565993877267554/original/deb67f7b-1be6-460e-beb1-18eaaeaa11bb.jpeg?im_w=720', 'https://a0.muscache.com/im/pictures/miso/Hosting-824565993877267554/original/3bb80401-c10e-4e79-a348-d2ca7d14c15b.jpeg?im_w=720', 'https://a0.muscache.com/im/pictures/miso/Hosting-824565993877267554/original/a324a0e2-da96-41d7-be62-4c55e3070c10.jpeg?im_w=720', 'https://a0.muscache.com/im/pictures/miso/Hosting-824565993877267554/original/fde57443-3b9f-47ff-a080-2dae529154ba.jpeg?im_w=720', 'https://a0.muscache.com/im/pictures/miso/Hosting-824565993877267554/original/4bdec83d-5c1d-40cc-bfd0-40a87f82c706.jpeg?im_w=720', 'https://a0.muscache.com/im/pictures/miso/Hosting-824565993877267554/original/39a516fc-189a-4bfa-8c38-b9c443ab06ac.jpeg?im_w=720', 'https://a0.muscache.com/im/pictures/miso/Hosting-824565993877267554/original/3d389a21-00fd-4481-92eb-f97e319af400.jpeg?im_w=720', 'https://a0.muscache.com/im/pictures/miso/Hosting-824565993877267554/original/8dce8a2b-4213-4ff3-a437-32bfb988c031.jpeg?im_w=720', 'https://a0.muscache.com/im/pictures/miso/Hosting-824565993877267554/original/a4ce79df-67a6-4bb2-8ed1-50193677bfe7.jpeg?im_w=720', 'https://a0.muscache.com/im/pictures/miso/Hosting-824565993877267554/original/d7fab7b8-a5b8-4c11-885b-a57cf888a420.jpeg?im_w=720', 'https://a0.muscache.com/im/pictures/miso/Hosting-824565993877267554/original/2955e85a-9768-4851-8ffc-17c969f50847.jpeg?im_w=720']",https://a0.muscache.com/im/pictures/user/c450db15-5892-4644-9ba4-4a139e6130af.jpg?aki_policy=profile_x_medium,True,False,58.38771,24.50657,6,20,4.95,Entire rental unit,284463541,"Pärnu, Pärnu maakond, Estonia","[1, 4, 5, 8, 9, 73, 137, 77, 79, 21, 85, 87, 280, 25, 89, 665, 90, 91, 92, 93, 30, 94, 223, 415, 671, 672, 33, 34, 674, 35, 611, 36, 100, 37, 39, 40, 104, 232, 41, 44, 51, 179, 308, 53, 248, 185, 510]","['Free parking', 'Wifi', 'Kitchen', 'Self check-in']",CANCEL_MODERATE,"{'rate': 1101, 'currency': 'EUR', 'total': 2201, 'priceItems': [{'title': '€\xa0960 x 2 nights', 'amount': 1920}, {'title': 'Early bird discount', 'amount': 96}, {'title': 'Cleaning fee', 'amount': 60}, {'title': 'Airbnb service fee', 'amount': 317}]}"
663650736031163179,https://www.airbnb.com/rooms/663650736031163179,https://www.airbnb.com/rooms/663650736031163179?check_in=2024-07-11&check_out=2024-07-13&adults=6&children=0&infants=0&pets=0,4,Cozy cabin with private yard and parking,3,3,4,Pärnu,"['https://a0.muscache.com/im/pictures/miso/Hosting-663650736031163179/original/e4209891-a768-4a05-994e-832f76af85a8.jpeg?im_w=720', 'https://a0.muscache.com/im/pictures/miso/Hosting-663650736031163179/original/dfd30a6e-1e58-4ed4-94dd-7c8033f3c669.jpeg?im_w=720', 'https://a0.muscache.com/im/pictures/miso/Hosting-663650736031163179/original/856ee8c2-e55c-46a4-b265-d17e0fc515bc.jpeg?im_w=720', 'https://a0.muscache.com/im/pictures/miso/Hosting-663650736031163179/original/4f752e2d-1ddc-492f-b837-50749434a1d6.jpeg?im_w=720', 'https://a0.muscache.com/im/pictures/miso/Hosting-663650736031163179/original/64343154-7a1c-4582-99ff-e545d1d61aa5.jpeg?im_w=720', 'https://a0.muscache.com/im/pictures/miso/Hosting-663650736031163179/original/f8ea4e5b-ab73-459f-b825-c4398729d735.jpeg?im_w=720', 'https://a0.muscache.com/im/pictures/miso/Hosting-663650736031163179/original/267d3985-61a0-4cec-a050-6cb412cf61af.jpeg?im_w=720', 'https://a0.muscache.com/im/pictures/miso/Hosting-663650736031163179/original/3b7b0ce7-752d-4147-a17a-415bad9b2928.jpeg?im_w=720', 'https://a0.muscache.com/im/pictures/miso/Hosting-663650736031163179/original/30f065a9-46ed-462a-a6c9-79c2c67ad4d3.jpeg?im_w=720', 'https://a0.muscache.com/im/pictures/miso/Hosting-663650736031163179/original/6f370fd1-1021-4dbd-b616-15429d6c404e.jpeg?im_w=720', 'https://a0.muscache.com/im/pictures/miso/Hosting-663650736031163179/original/4dd7953a-3068-4a24-b28d-a30f7b9bcdcb.jpeg?im_w=720', 'https://a0.muscache.com/im/pictures/miso/Hosting-663650736031163179/original/4e8114ad-9405-4717-b82d-3217bf565537.jpeg?im_w=720', 'https://a0.muscache.com/im/pictures/miso/Hosting-663650736031163179/original/25f387bf-64f5-4fac-a10f-f0a1278484ce.jpeg?im_w=720', 'https://a0.muscache.com/im/pictures/miso/Hosting-663650736031163179/original/5f965401-fe8d-4d99-9fb9-79262d5907db.jpeg?im_w=720']",https://a0.muscache.com/im/pictures/user/2f0b5a36-d1f9-4776-8a56-031449ae5a8a.jpg?aki_policy=profile_x_medium,False,False,58.3974098,24.5005043,6,5,5,Entire home,201837252,"Pärnu, Pärnu maakond, Estonia","[1, 33, 66, 35, 99, 4, 36, 5, 37, 101, 39, 8, 9, 45, 46, 47, 51, 179, 54, 280, 90, 91, 93, 510]","['Free parking', 'Wifi', 'Kitchen', 'Self check-in']",CANCEL_FLEXIBLE,"{'rate': 467, 'currency': 'EUR', 'total': 934, 'priceItems': [{'title': '€\xa0400 x 2 nights', 'amount': 800}, {'title': 'Airbnb service fee', 'amount': 134}]}"
657243446809257012,https://www.airbnb.com/rooms/657243446809257012,https://www.airbnb.com/rooms/657243446809257012?check_in=2024-07-11&check_out=2024-07-13&adults=6&children=0&infants=0&pets=0,5,Modern chalet on the waterfront,1,2,4,Kuiaru,"['https://a0.muscache.com/im/pictures/miso/Hosting-657243446809257012/original/ac354745-d3d4-49fb-9cbf-86d7a9109949.jpeg?im_w=720', 'https://a0.muscache.com/im/pictures/miso/Hosting-657243446809257012/original/3a510481-e8e0-4726-80ca-4de9c8c6c6b9.jpeg?im_w=720', 'https://a0.muscache.com/im/pictures/miso/Hosting-657243446809257012/original/5c67fd54-d0c0-4151-ae90-1e12059088e1.jpeg?im_w=720', 'https://a0.muscache.com/im/pictures/miso/Hosting-657243446809257012/original/7e9ab99e-8247-4a93-8906-b019ae22f4a3.jpeg?im_w=720', 'https://a0.muscache.com/im/pictures/miso/Hosting-657243446809257012/original/c5641d4f-b035-4f94-b2e2-a654e133897d.jpeg?im_w=720', 'https://a0.muscache.com/im/pictures/miso/Hosting-657243446809257012/original/b3caa57e-9ba0-499f-81b3-36e2de02857f.jpeg?im_w=720', 'https://a0.muscache.com/im/pictures/miso/Hosting-657243446809257012/original/c52bb399-d946-4cc9-965f-0544585a373a.jpeg?im_w=720', 'https://a0.muscache.com/im/pictures/miso/Hosting-657243446809257012/original/2618e912-a49b-40bf-8997-06853e819b5e.jpeg?im_w=720', 'https://a0.muscache.com/im/pictures/miso/Hosting-657243446809257012/original/59f50346-662c-4780-8238-094cd1dec9ef.jpeg?im_w=720', 'https://a0.muscache.com/im/pictures/miso/Hosting-657243446809257012/original/ec5caf2f-1c06-456e-a0b8-c88364cf07ea.jpeg?im_w=720', 'https://a0.muscache.com/im/pictures/miso/Hosting-657243446809257012/original/97d9b160-b3e7-4e39-a94c-62ad46c37324.jpeg?im_w=720', 'https://a0.muscache.com/im/pictures/miso/Hosting-657243446809257012/original/3c02c7ee-aa3e-48c9-ad11-bc30c65d68bc.jpeg?im_w=720', 'https://a0.muscache.com/im/pictures/miso/Hosting-657243446809257012/original/2d4cf2df-3de6-4f19-a8dd-23bd09d89cf9.jpeg?im_w=720', 'https://a0.muscache.com/im/pictures/miso/Hosting-657243446809257012/original/284f8c1c-fa0c-4272-8364-8aafb0d3fd7c.jpeg?im_w=720', 'https://a0.muscache.com/im/pictures/miso/Hosting-657243446809257012/original/0b489999-66c6-4219-9f41-d64571c5620d.jpeg?im_w=720', 'https://a0.muscache.com/im/pictures/miso/Hosting-657243446809257012/original/3ee8df75-c931-45ad-aa10-18a0d40a63ae.jpeg?im_w=720', 'https://a0.muscache.com/im/pictures/miso/Hosting-657243446809257012/original/1f9ec2bd-86ef-40f7-843b-a1dd5172e346.jpeg?im_w=720', 'https://a0.muscache.com/im/pictures/miso/Hosting-657243446809257012/original/293cf9f0-3474-4ed1-af41-6a22570cfef0.jpeg?im_w=720', 'https://a0.muscache.com/im/pictures/miso/Hosting-657243446809257012/original/a8aeccdb-9bf9-45b7-a27e-a7d95a26eccf.jpeg?im_w=720', 'https://a0.muscache.com/im/pictures/b8040e47-9ec5-4d0c-96a0-eb5ac71c3b6f.jpg?im_w=720', 'https://a0.muscache.com/im/pictures/38512cb2-1c53-495c-a98f-6f03f4e94e9b.jpg?im_w=720', 'https://a0.muscache.com/im/pictures/3b9a42c1-85d3-401d-a22e-32a94f09e25e.jpg?im_w=720', 'https://a0.muscache.com/im/pictures/967bd404-f023-4e5c-af6c-d8a433e8f0a1.jpg?im_w=720', 'https://a0.muscache.com/im/pictures/29bf9335-8d3e-4f53-87f2-71ab9be4d8c6.jpg?im_w=720', 'https://a0.muscache.com/im/pictures/9979e5b6-1bd0-4ebd-8ef1-1d3f6f0c9fea.jpg?im_w=720', 'https://a0.muscache.com/im/pictures/4223e9eb-5ad5-429a-a8d5-75bf6e2acb43.jpg?im_w=720']",https://a0.muscache.com/im/pictures/user/5f28edfd-6605-4a32-94d7-2e6e1d25f919.jpg?aki_policy=profile_x_medium,True,False,58.49007235817563,24.754593611972755,6,78,4.95,Entire guesthouse,88505219,"Kuiaru, Pärnu County, Estonia","[1, 131, 4, 132, 5, 8, 392, 9, 137, 394, 12, 280, 25, 665, 30, 415, 671, 672, 674, 35, 37, 39, 40, 41, 44, 45, 46, 179, 308, 57, 64, 66, 72, 73, 77, 85, 89, 90, 91, 219, 92, 93, 94, 95, 96, 99, 611, 100, 104, 236, 625, 626, 251]","['Free parking', 'Wifi', 'Kitchen']",CANCEL_FLEXIBLE,"{'rate': 246, 'currency': 'EUR', 'total': 491, 'priceItems': [{'title': '€\xa0210 x 2 nights', 'amount': 420}, {'title': 'Airbnb service fee', 'amount': 71}]}"
14197673,https://www.airbnb.com/rooms/14197673,https://www.airbnb.com/rooms/14197673?check_in=2024-07-11&check_out=2024-07-13&adults=6&children=0&infants=0&pets=0,6,Cozy house with big garden and hammock!,2,4,4,Pärnu,"['https://a0.muscache.com/im/pictures/miso/Hosting-14197673/original/914ffef7-54b2-43a9-b0d0-30831455e741.jpeg?im_w=720', 'https://a0.muscache.com/im/pictures/1de5b121-548f-4a6f-9f2b-6431c105f729.jpg?im_w=720', 'https://a0.muscache.com/im/pictures/99ab5009-5561-42e4-bc23-34e61ab276b3.jpg?im_w=720', 'https://a0.muscache.com/im/pictures/e39cd3e5-1eff-4676-ae1e-ce9a4013e3ad.jpg?im_w=720', 'https://a0.muscache.com/im/pictures/miso/Hosting-14197673/original/4179adc1-d7f1-49ca-8820-8c0997aef84e.jpeg?im_w=720', 'https://a0.muscache.com/im/pictures/766dab16-f549-4b5d-aec1-5e0d43082885.jpg?im_w=720', 'https://a0.muscache.com/im/pictures/miso/Hosting-14197673/original/f6edd079-7203-4848-8d88-fa78b628d117.jpeg?im_w=720', 'https://a0.muscache.com/im/pictures/miso/Hosting-14197673/original/33d83fca-2a21-4b4e-8c5a-cce276410e5e.jpeg?im_w=720', 'https://a0.muscache.com/im/pictures/miso/Hosting-14197673/original/a2cc7767-fe84-40c1-a730-5d50ae231daf.jpeg?im_w=720', 'https://a0.muscache.com/im/pictures/miso/Hosting-14197673/original/b5f7090a-b6ac-4632-967c-8209ecfa1f15.jpeg?im_w=720', 'https://a0.muscache.com/im/pictures/miso/Hosting-14197673/original/0ce91690-dbb7-4e8a-a9bc-fa7bd7881d8d.jpeg?im_w=720', 'https://a0.muscache.com/im/pictures/6a94c518-7ac1-4ebd-87ce-fe2662d594a9.jpg?im_w=720', 'https://a0.muscache.com/im/pictures/miso/Hosting-14197673/original/471da474-1aec-4994-9d40-0ebbe558b604.jpeg?im_w=720', 'https://a0.muscache.com/im/pictures/miso/Hosting-14197673/original/43d92df3-9620-4c26-b582-051801b0f4ac.jpeg?im_w=720', 'https://a0.muscache.com/im/pictures/eaf8cf01-f9ce-40b5-aa31-ae86788da224.jpg?im_w=720', 'https://a0.muscache.com/im/pictures/56f18007-f286-4ed8-adeb-33644fd626cb.jpg?im_w=720', 'https://a0.muscache.com/im/pictures/c49728ae-78e6-43a5-94f9-b46241b4cc5c.jpg?im_w=720', 'https://a0.muscache.com/im/pictures/miso/Hosting-14197673/original/9c178164-2493-44ff-9d32-8e83d1dd646c.jpeg?im_w=720', 'https://a0.muscache.com/im/pictures/miso/Hosting-14197673/original/ca55bc6c-835c-4005-a1d0-5260b920e47b.jpeg?im_w=720', 'https://a0.muscache.com/im/pictures/miso/Hosting-14197673/original/404aefaf-91a0-4498-863f-d155c1bca4cb.jpeg?im_w=720', 'https://a0.muscache.com/im/pictures/miso/Hosting-14197673/original/08555ffa-226a-489b-90b0-9b507dc8a04a.jpeg?im_w=720', 'https://a0.muscache.com/im/pictures/8763f96e-46a3-4986-9340-81ca2fda4d6f.jpg?im_w=720', 'https://a0.muscache.com/im/pictures/miso/Hosting-14197673/original/e7595f3f-cf18-4d71-a31b-29f2552d07c0.jpeg?im_w=720', 'https://a0.muscache.com/im/pictures/miso/Hosting-14197673/original/f839c694-6d13-4316-81e5-4ea0c8fcb416.jpeg?im_w=720', 'https://a0.muscache.com/im/pictures/miso/Hosting-14197673/original/7fc3dd51-9076-4e2a-863e-7261df4a69aa.jpeg?im_w=720', 'https://a0.muscache.com/im/pictures/miso/Hosting-14197673/original/be43cba5-937a-49b0-9fed-5bee845ab350.jpeg?im_w=720', 'https://a0.muscache.com/im/pictures/miso/Hosting-14197673/original/1f700daf-d3c4-4de2-8f95-a6c639040d0a.jpeg?im_w=720', 'https://a0.muscache.com/im/pictures/miso/Hosting-14197673/original/5da45058-42ff-48b5-a05b-e96a42fc8bb5.jpeg?im_w=720', 'https://a0.muscache.com/im/pictures/miso/Hosting-14197673/original/6599e04c-2792-4737-9f85-173a0817d05f.jpeg?im_w=720', 'https://a0.muscache.com/im/pictures/miso/Hosting-14197673/original/e4d1a76d-97e4-4241-be4b-884b576ab3c0.jpeg?im_w=720']",https://a0.muscache.com/im/pictures/user/b558b2ee-6a62-430e-b7cd-ac4241c56a37.jpg?aki_policy=profile_x_medium,False,False,58.39551,24.48455,10,17,4.94,Entire home,86112427,"Pärnu, Pärnu maakond, Estonia","[4, 5, 8, 392, 9, 137, 394, 12, 657, 23, 280, 153, 665, 667, 30, 31, 415, 671, 672, 33, 34, 35, 36, 39, 40, 41, 44, 45, 46, 47, 51, 179, 308, 54, 57, 61, 66, 322, 73, 201, 74, 77, 79, 85, 86, 89, 90, 91, 347, 92, 93, 94, 95, 96, 99, 227, 611, 100, 101, 102, 103, 232, 236, 625, 626, 251]","['Free parking', 'Wifi', 'Kitchen', 'Self check-in']",CANCEL_FLEXIBLE,"{'rate': 403, 'currency': 'EUR', 'total': 806, 'priceItems': [{'title': '€\xa0345 x 2 nights', 'amount': 690}, {'title': 'Airbnb service fee', 'amount': 116}]}"
929659466235698513,https://www.airbnb.com/rooms/929659466235698513,https://www.airbnb.com/rooms/929659466235698513?check_in=2024-07-11&check_out=2024-07-13&adults=6&children=0&infants=0&pets=0,7,Place near to city and beach(Hosts up to 6 people),1,2,3,Pärnu,"['https://a0.muscache.com/im/pictures/miso/Hosting-929659466235698513/original/738d98b9-640b-45f8-b3eb-b014cf63d581.jpeg?im_w=720', 'https://a0.muscache.com/im/pictures/miso/Hosting-929659466235698513/original/2cf4491a-5d91-426a-8a78-77c4a08a8e1d.jpeg?im_w=720', 'https://a0.muscache.com/im/pictures/miso/Hosting-929659466235698513/original/9d367adb-72b9-46d0-ae95-0999db1dc05e.jpeg?im_w=720', 'https://a0.muscache.com/im/pictures/miso/Hosting-929659466235698513/original/96f169fc-a057-4db6-9666-da471e216f75.jpeg?im_w=720', 'https://a0.muscache.com/im/pictures/miso/Hosting-929659466235698513/original/285c2edc-d47a-4d67-b610-7bef801ad499.jpeg?im_w=720', 'https://a0.muscache.com/im/pictures/miso/Hosting-929659466235698513/original/16621dc7-d42c-4432-b47e-0265608a2923.jpeg?im_w=720', 'https://a0.muscache.com/im/pictures/miso/Hosting-929659466235698513/original/f72db3a7-8da5-4e24-bf8e-19e10f730200.jpeg?im_w=720', 'https://a0.muscache.com/im/pictures/miso/Hosting-929659466235698513/original/00cde40a-1b39-41bd-9c2a-c9a08b7f5fb8.jpeg?im_w=720']",https://a0.muscache.com/im/pictures/user/0ecae7a6-5643-4f43-a9c6-32e0f6ca633c.jpg?aki_policy=profile_x_medium,True,False,58.37988335477348,24.53034069389105,6,7,5,Entire rental unit,70292789,"Pärnu, Pärnu maakond, Estonia","[1, 66, 4, 71, 8, 392, 9, 73, 137, 74, 77, 85, 23, 665, 90, 91, 92, 93, 94, 31, 95, 672, 33, 35, 40, 104, 41, 363, 236, 45, 46, 47, 625, 308]","['Free parking', 'Wifi', 'Kitchen']",CANCEL_FLEXIBLE,"{'rate': 359, 'currency': 'EUR', 'total': 718, 'priceItems': [{'title': '€\xa0300 x 2 nights', 'amount': 600}, {'title': 'Cleaning fee', 'amount': 15}, {'title': 'Airbnb service fee', 'amount': 103}]}"
22967534,https://www.airbnb.com/rooms/22967534,https://www.airbnb.com/rooms/22967534?check_in=2024-07-11&check_out=2024-07-13&adults=6&children=0&infants=0&pets=0,8,Luxury apartment in Pärnu,2,2,3,Pärnu,"['https://a0.muscache.com/im/pictures/miso/Hosting-22967534/original/6719ca90-78a7-4148-ab93-6b4fc98127a6.jpeg?im_w=720', 'https://a0.muscache.com/im/pictures/miso/Hosting-22967534/original/49c00805-3560-44e7-8071-7978af8e019a.jpeg?im_w=720', 'https://a0.muscache.com/im/pictures/miso/Hosting-22967534/original/77d6a2ed-6f50-429d-9fa4-7409f0b560ec.jpeg?im_w=720', 'https://a0.muscache.com/im/pictures/miso/Hosting-22967534/original/02a9a768-770e-4a4b-a67e-31b9ef8b10e3.jpeg?im_w=720', 'https://a0.muscache.com/im/pictures/miso/Hosting-22967534/original/2e9c14b4-71df-4865-800a-67555554ed79.jpeg?im_w=720', 'https://a0.muscache.com/im/pictures/miso/Hosting-22967534/original/0e568ca8-40db-4edb-84a7-f7f294a16339.jpeg?im_w=720', 'https://a0.muscache.com/im/pictures/miso/Hosting-22967534/original/66dbd72c-8bf8-41a8-836e-b0b502a2ed97.jpeg?im_w=720', 'https://a0.muscache.com/im/pictures/miso/Hosting-22967534/original/840233c2-a3de-4fbd-9e02-326c7c14bd88.jpeg?im_w=720', 'https://a0.muscache.com/im/pictures/miso/Hosting-22967534/original/b41aa53e-5678-41d4-ace6-8cdd55937483.jpeg?im_w=720', 'https://a0.muscache.com/im/pictures/miso/Hosting-22967534/original/4207d0cb-41ce-461e-988e-3a6089ac78f0.jpeg?im_w=720', 'https://a0.muscache.com/im/pictures/miso/Hosting-22967534/original/2de5c595-2f79-4e53-bc72-adf22034d343.jpeg?im_w=720', 'https://a0.muscache.com/im/pictures/miso/Hosting-22967534/original/bdceb839-506c-4510-9e72-50a4a04cf6f1.jpeg?im_w=720', 'https://a0.muscache.com/im/pictures/miso/Hosting-22967534/original/33eaac5a-d717-42ed-8efc-53ab15e82d27.jpeg?im_w=720', 'https://a0.muscache.com/im/pictures/miso/Hosting-22967534/original/f586f56c-b8a5-48d4-9fbd-5b33d456452b.jpeg?im_w=720']",https://a0.muscache.com/im/pictures/user/User-125100516/original/d661134e-e326-4bad-a2f2-baccfc5bc187.png?aki_policy=profile_x_medium,False,False,58.38374,24.49605,6,2,,Entire rental unit,125100516,"Pärnu, Pärnu maakond, Estonia","[1, 2, 4, 132, 8, 137, 10, 77, 528, 90, 91, 92, 93, 94, 415, 96, 672, 33, 34, 674, 35, 611, 101, 40, 104, 232, 41, 44, 236, 45, 46, 51, 308, 54, 251, 61, 510]","['Wifi', 'Kitchen', 'Self check-in']",CANCEL_BETTER_STRICT_WITH_GRACE_PERIOD,"{'rate': 812, 'currency': 'EUR', 'total': 1624, 'priceItems': [{'title': '€\xa0670 x 2 nights', 'amount': 1340}, {'title': 'Cleaning fee', 'amount': 50}, {'title': 'Airbnb service fee', 'amount': 234}]}"
910063991303837260,https://www.airbnb.com/rooms/910063991303837260,https://www.airbnb.com/rooms/910063991303837260?check_in=2024-07-11&check_out=2024-07-13&adults=6&children=0&infants=0&pets=0,9,Tähe Villa - sauna ja basseiniga,2,3,5,Pärnu,"['https://a0.muscache.com/im/pictures/f4d4e44f-ed2e-4c3d-9043-6da92f2631cc.jpg?im_w=720', 'https://a0.muscache.com/im/pictures/00384560-42a2-46ce-bcbb-2a09cb37441d.jpg?im_w=720', 'https://a0.muscache.com/im/pictures/4ecd1ea9-6a87-4162-b354-4cc39cbf93d7.jpg?im_w=720', 'https://a0.muscache.com/im/pictures/8cd246f0-5a20-4664-bf56-00cb8e0b0c6c.jpg?im_w=720', 'https://a0.muscache.com/im/pictures/93d7e970-7f47-4e29-8384-2ea327581184.jpg?im_w=720', 'https://a0.muscache.com/im/pictures/1f308b06-a767-4202-a3f9-d4dac441888e.jpg?im_w=720', 'https://a0.muscache.com/im/pictures/d2047d7d-778d-4ddf-929e-4776aceac194.jpg?im_w=720', 'https://a0.muscache.com/im/pictures/11c0e596-2260-419d-9057-c1bdefca89f6.jpg?im_w=720', 'https://a0.muscache.com/im/pictures/e5c88456-23ac-47b6-9234-180319da6afb.jpg?im_w=720', 'https://a0.muscache.com/im/pictures/3762e6a1-de18-42f2-817b-38d9472f7ad2.jpg?im_w=720', 'https://a0.muscache.com/im/pictures/a7d3faea-d6a8-4943-a010-cc76a096c2c4.jpg?im_w=720', 'https://a0.muscache.com/im/pictures/bc2aa7d0-22d0-42e1-a5a3-d735bdbdedd5.jpg?im_w=720', 'https://a0.muscache.com/im/pictures/967c034c-299e-4784-9129-33c91315e8ef.jpg?im_w=720', 'https://a0.muscache.com/im/pictures/e9188fb0-88bb-4944-98d1-3b6d134d06da.jpg?im_w=720', 'https://a0.muscache.com/im/pictures/97a03433-cc1f-4153-bd48-5fb28abb6acc.jpg?im_w=720', 'https://a0.muscache.com/im/pictures/4296dde3-9564-45fe-8f27-a0c2d81ed34c.jpg?im_w=720', 'https://a0.muscache.com/im/pictures/be2d65fe-8b79-4b86-896d-07ee9570e3f2.jpg?im_w=720', 'https://a0.muscache.com/im/pictures/49194355-519b-4ee7-8fae-5279ec8d466f.jpg?im_w=720', 'https://a0.muscache.com/im/pictures/f2650996-2b88-4f27-bf2e-15c84a126a0c.jpg?im_w=720', 'https://a0.muscache.com/im/pictures/fc65a18a-94d0-488b-9398-b702a5b1a22c.jpg?im_w=720', 'https://a0.muscache.com/im/pictures/7932c313-5030-47c3-b1b1-fee76ca8f2b3.jpg?im_w=720', 'https://a0.muscache.com/im/pictures/f2d1d66c-8983-4eea-93f9-a2b1eb081a44.jpg?im_w=720']",https://a0.muscache.com/im/pictures/user/ecc60055-8032-4997-97db-678d343aa5c4.jpg?aki_policy=profile_x_medium,False,False,58.3897498,24.5262626,8,0,,Entire home,39360459,"Pärnu, Pärnu maakond, Estonia","[1, 33, 35, 99, 4, 36, 5, 7, 39, 8, 9, 179, 27]","['Free parking', 'Wifi', 'Kitchen']",CANCEL_FLEXIBLE,"{'rate': 409, 'currency': 'EUR', 'total': 818, 'priceItems': [{'title': '€\xa0350 x 2 nights', 'amount': 700}, {'title': 'Airbnb service fee', 'amount': 118}]}"
6265229,https://www.airbnb.com/rooms/6265229,https://www.airbnb.com/rooms/6265229?check_in=2024-07-11&check_out=2024-07-13&adults=6&children=0&infants=0&pets=0,10,Villa Blue Heaven Pärnu,2,7,11,Pärnu,"['https://a0.muscache.com/im/pictures/miso/Hosting-6265229/original/c8168965-1558-41c8-a858-1cd13b0bec8b.jpeg?im_w=720', 'https://a0.muscache.com/im/pictures/miso/Hosting-6265229/original/6a24ed36-1998-4127-bf98-aed77e1ff982.jpeg?im_w=720', 'https://a0.muscache.com/im/pictures/miso/Hosting-6265229/original/43d2af85-8a43-41f7-9e1f-1d328b503f0a.jpeg?im_w=720', 'https://a0.muscache.com/im/pictures/2b46add2-58a1-4561-bd8b-0058733f8787.jpg?im_w=720', 'https://a0.muscache.com/im/pictures/miso/Hosting-6265229/original/def653e2-22ff-4389-82cc-d789fae433f0.jpeg?im_w=720', 'https://a0.muscache.com/im/pictures/miso/Hosting-6265229/original/f1b49f35-8885-4d51-9d98-1cdde39fc9fa.jpeg?im_w=720', 'https://a0.muscache.com/im/pictures/miso/Hosting-6265229/original/3f4f40dd-4073-4bbc-a63a-7614dd669939.jpeg?im_w=720', 'https://a0.muscache.com/im/pictures/miso/Hosting-6265229/original/a120774c-66c8-4fda-b9e0-0d008b00d594.jpeg?im_w=720', 'https://a0.muscache.com/im/pictures/51cf1759-00ab-430b-bfe0-c80611736426.jpg?im_w=720', 'https://a0.muscache.com/im/pictures/miso/Hosting-6265229/original/27df68c2-89bd-4637-8731-37854bc25d85.jpeg?im_w=720', 'https://a0.muscache.com/im/pictures/miso/Hosting-6265229/original/58d57594-fb4a-475d-aa47-52c76dd34aac.jpeg?im_w=720', 'https://a0.muscache.com/im/pictures/miso/Hosting-6265229/original/c8bfa365-95ac-40a5-a545-91592acfcc8d.jpeg?im_w=720', 'https://a0.muscache.com/im/pictures/miso/Hosting-6265229/original/578ec92f-6f24-4377-96f4-75d308575627.jpeg?im_w=720', 'https://a0.muscache.com/im/pictures/miso/Hosting-6265229/original/2ee7f9ab-48d9-4cad-8c7e-14ca448b38be.jpeg?im_w=720', 'https://a0.muscache.com/im/pictures/miso/Hosting-6265229/original/5470a404-6f02-4052-b13a-1907d49cf301.jpeg?im_w=720', 'https://a0.muscache.com/im/pictures/miso/Hosting-6265229/original/d3089f16-23e1-4ead-993c-c9a3f608b0d0.jpeg?im_w=720', 'https://a0.muscache.com/im/pictures/miso/Hosting-6265229/original/2df29321-26e1-4909-bb19-c434f08521bd.jpeg?im_w=720', 'https://a0.muscache.com/im/pictures/fb83a585-0b51-4c36-aaef-96ac5a258495.jpg?im_w=720', 'https://a0.muscache.com/im/pictures/miso/Hosting-6265229/original/7fc7bf93-58bb-4928-bbf2-a2be39ee207f.jpeg?im_w=720', 'https://a0.muscache.com/im/pictures/b8393de1-5dae-47e5-81b3-fdaa73173378.jpg?im_w=720', 'https://a0.muscache.com/im/pictures/d543cf8f-6003-4c0d-9d62-0e09cf4f3eb6.jpg?im_w=720', 'https://a0.muscache.com/im/pictures/5560c039-4d1c-4530-87c9-1e599e7acae8.jpg?im_w=720', 'https://a0.muscache.com/im/pictures/f203b4f3-019d-48a1-9f89-8a541e69c2d9.jpg?im_w=720', 'https://a0.muscache.com/im/pictures/4033067e-931c-4f37-ab0b-3a7dd204dea1.jpg?im_w=720', 'https://a0.muscache.com/im/pictures/miso/Hosting-6265229/original/5be4432e-39f8-493a-8072-ff6f6c288a7b.jpeg?im_w=720', 'https://a0.muscache.com/im/pictures/miso/Hosting-6265229/original/f19d8e66-e9c2-4d2f-b5f7-8376917925e6.jpeg?im_w=720', 'https://a0.muscache.com/im/pictures/miso/Hosting-6265229/original/39780a0f-7def-4fd2-8dbe-986ad7a52345.jpeg?im_w=720', 'https://a0.muscache.com/im/pictures/78189704/7c20908c_original.jpg?im_w=720', 'https://a0.muscache.com/im/pictures/2082fc19-92ef-4b08-bf38-a86214d34f4c.jpg?im_w=720', 'https://a0.muscache.com/im/pictures/34cbe1c9-40e1-43d6-8e1d-eb8485f349e4.jpg?im_w=720']",https://a0.muscache.com/im/pictures/user/dd471f5f-0ea8-4314-bab3-eef9bb68ec6c.jpg?aki_policy=profile_x_medium,False,False,58.35643,24.56344,12,29,4.86,Entire home,32559192,"Pärnu, Pärnu maakond, Estonia","[1, 129, 3, 4, 132, 5, 134, 8, 9, 137, 394, 522, 145, 657, 146, 280, 665, 27, 667, 30, 31, 415, 671, 32, 672, 33, 674, 35, 36, 40, 41, 44, 45, 46, 47, 308, 57, 322, 77, 79, 85, 86, 89, 90, 91, 347, 92, 93, 94, 95, 96, 99, 611, 101, 102, 103, 104, 236, 625, 251]","['Free parking', 'Wifi', 'Kitchen']",CANCEL_STRICT_14_WITH_GRACE_PERIOD,"{'rate': 526, 'currency': 'EUR', 'total': 1051, 'priceItems': [{'title': '€\xa0450 x 2 nights', 'amount': 900}, {'title': 'Airbnb service fee', 'amount': 151}]}"
44378458,https://www.airbnb.com/rooms/44378458,https://www.airbnb.com/rooms/44378458?check_in=2024-07-11&check_out=2024-07-13&adults=6&children=0&infants=0&pets=0,11,Bridge Villa. Cabin by the river under a pine forest.,1,2,4,Silla,"['https://a0.muscache.com/im/pictures/900fa076-6f56-4ca2-8471-6ca777d9ecc5.jpg?im_w=720', 'https://a0.muscache.com/im/pictures/fcb2cc37-f1ab-4e6f-90d6-3797ba10e517.jpg?im_w=720', 'https://a0.muscache.com/im/pictures/c39b94a2-d000-43dd-8444-2da792ba0340.jpg?im_w=720', 'https://a0.muscache.com/im/pictures/392daa3c-b315-46fe-8a20-e0453f829d98.jpg?im_w=720', 'https://a0.muscache.com/im/pictures/08365ea7-ddc4-43b5-be84-0f6e8a832430.jpg?im_w=720', 'https://a0.muscache.com/im/pictures/8b5da9a2-4aa7-467b-9781-d5c09ab3c440.jpg?im_w=720', 'https://a0.muscache.com/im/pictures/ade2d961-a0a2-4e1c-b910-c1cbb053f489.jpg?im_w=720', 'https://a0.muscache.com/im/pictures/87329886-9788-44b4-bfa1-f9bd594abc2b.jpg?im_w=720', 'https://a0.muscache.com/im/pictures/2d1cbc7c-fc95-4588-8437-70953e9c3da8.jpg?im_w=720', 'https://a0.muscache.com/im/pictures/6aa9bc15-03a9-4a9e-a181-3c22eac9d03c.jpg?im_w=720', 'https://a0.muscache.com/im/pictures/45409fca-1bf6-4861-8a90-6b53f24a2d74.jpg?im_w=720']",https://a0.muscache.com/im/pictures/user/e98c76a7-3e5d-4bbf-a639-c8431f056995.jpg?aki_policy=profile_x_medium,True,False,58.36087,24.60846,6,41,4.83,Entire home,358059320,"Silla, Pärnu maakond, Estonia","[5, 7, 8, 9, 12, 77, 280, 27, 91, 93, 30, 33, 35, 99, 100, 101, 39, 40, 42, 44, 45, 47, 51, 54, 57]","['Free parking', 'Kitchen', 'Self check-in']",CANCEL_FLEXIBLE,"{'rate': 409, 'currency': 'EUR', 'total': 818, 'priceItems': [{'title': '€\xa0350 x 2 nights', 'amount': 700}, {'title': 'Airbnb service fee', 'amount': 118}]}"
880913859195022957,https://www.airbnb.com/rooms/880913859195022957,https://www.airbnb.com/rooms/880913859195022957?check_in=2024-07-11&check_out=2024-07-13&adults=6&children=0&infants=0&pets=0,12,Super apartment for a family with children,2,2,7,Pärnu,"['https://a0.muscache.com/im/pictures/miso/Hosting-880913859195022957/original/0ba40813-05c4-4a0f-ace9-4dac5fc170da.jpeg?im_w=720', 'https://a0.muscache.com/im/pictures/miso/Hosting-880913859195022957/original/ba0e75b1-cd06-4b5d-9670-8b5159968665.jpeg?im_w=720', 'https://a0.muscache.com/im/pictures/miso/Hosting-880913859195022957/original/b79da5c7-7f15-4985-9050-94cdc7fe1bf0.jpeg?im_w=720', 'https://a0.muscache.com/im/pictures/miso/Hosting-880913859195022957/original/a584aeb8-7c82-424e-b194-96773a3c2559.jpeg?im_w=720', 'https://a0.muscache.com/im/pictures/miso/Hosting-880913859195022957/original/b0967f54-de1f-42d1-890b-2a22de1312de.jpeg?im_w=720', 'https://a0.muscache.com/im/pictures/miso/Hosting-880913859195022957/original/787e64a9-2fc0-4a85-a2c2-1b63271b8d30.jpeg?im_w=720', 'https://a0.muscache.com/im/pictures/miso/Hosting-880913859195022957/original/5f73a233-f2f7-429b-9b50-ad666c1e7f53.jpeg?im_w=720', 'https://a0.muscache.com/im/pictures/miso/Hosting-880913859195022957/original/c4c544ea-1c2e-4ce7-934b-7c9239d2caab.jpeg?im_w=720', 'https://a0.muscache.com/im/pictures/miso/Hosting-880913859195022957/original/a67ee06d-3912-414c-b448-94378ea2805b.jpeg?im_w=720', 'https://a0.muscache.com/im/pictures/miso/Hosting-880913859195022957/original/e04acce4-8ec8-4331-bd76-c66cfeb1478f.jpeg?im_w=720', 'https://a0.muscache.com/im/pictures/miso/Hosting-880913859195022957/original/6dada6bf-1065-488a-a488-ab888332e7f8.jpeg?im_w=720', 'https://a0.muscache.com/im/pictures/miso/Hosting-880913859195022957/original/9adb7126-2999-4ed0-b04a-c9823a35c330.jpeg?im_w=720', 'https://a0.muscache.com/im/pictures/miso/Hosting-880913859195022957/original/3be16234-0201-4299-b1d3-8ccbe32cdab1.jpeg?im_w=720', 'https://a0.muscache.com/im/pictures/miso/Hosting-880913859195022957/original/e716c025-a753-4d24-8c8b-7b8bb0c1c1ae.jpeg?im_w=720', 'https://a0.muscache.com/im/pictures/miso/Hosting-880913859195022957/original/e53a3dc3-4f69-4543-9263-a731fadc4a72.jpeg?im_w=720', 'https://a0.muscache.com/im/pictures/miso/Hosting-880913859195022957/original/b887afea-d6a6-4356-a373-61afb76a57c8.jpeg?im_w=720', 'https://a0.muscache.com/im/pictures/miso/Hosting-880913859195022957/original/182eb4f3-b592-450b-8f28-51dcec784834.jpeg?im_w=720', 'https://a0.muscache.com/im/pictures/miso/Hosting-880913859195022957/original/a6bacf63-3a2b-453a-8f13-f2d8709761ff.jpeg?im_w=720', 'https://a0.muscache.com/im/pictures/miso/Hosting-880913859195022957/original/a0e44487-9716-4f29-bc7a-b673f3eacfef.jpeg?im_w=720', 'https://a0.muscache.com/im/pictures/miso/Hosting-880913859195022957/original/1fe902c9-6466-4837-a132-c8ccd9433a1c.jpeg?im_w=720', 'https://a0.muscache.com/im/pictures/miso/Hosting-880913859195022957/original/61f7a6d7-3982-432f-b890-9e061392e28a.jpeg?im_w=720', 'https://a0.muscache.com/im/pictures/miso/Hosting-880913859195022957/original/c5facd55-bee1-43f3-9e28-cec6cd510166.jpeg?im_w=720', 'https://a0.muscache.com/im/pictures/miso/Hosting-880913859195022957/original/31268641-92e3-406a-88f3-155e3269036c.jpeg?im_w=720', 'https://a0.muscache.com/im/pictures/miso/Hosting-880913859195022957/original/f7e2631f-ff3b-46d4-a073-282b52085d7a.jpeg?im_w=720', 'https://a0.muscache.com/im/pictures/miso/Hosting-880913859195022957/original/23753d49-9aea-408f-ac17-cbcab81deeb1.jpeg?im_w=720', 'https://a0.muscache.com/im/pictures/miso/Hosting-880913859195022957/original/82ad0487-324d-4386-b1e8-f16199fdde83.jpeg?im_w=720', 'https://a0.muscache.com/im/pictures/miso/Hosting-880913859195022957/original/6c39d4d9-e2ed-405f-9b03-77ae8cd5acb5.png?im_w=720']",https://a0.muscache.com/im/pictures/user/401b18ea-de80-4b8d-b77f-080a3cbfeb92.jpg?aki_policy=profile_x_medium,False,False,58.3771197,24.5259494,7,8,4.63,Entire rental unit,80178149,"Pärnu, Pärnu maakond, Estonia","[1, 131, 4, 8, 392, 9, 73, 137, 394, 12, 77, 85, 280, 90, 91, 667, 93, 30, 94, 95, 223, 672, 33, 674, 35, 100, 101, 39, 40, 232, 44, 364, 45, 46, 47, 625, 626, 179, 308, 248, 510]","['Free parking', 'Wifi', 'Kitchen']",CANCEL_MODERATE,"{'rate': 838, 'currency': 'EUR', 'total': 1676, 'priceItems': [{'title': '€\xa0700 x 2 nights', 'amount': 1400}, {'title': 'Cleaning fee', 'amount': 35}, {'title': 'Airbnb service fee', 'amount': 241}]}"
11857817,https://www.airbnb.com/rooms/11857817,https://www.airbnb.com/rooms/11857817?check_in=2024-07-11&check_out=2024-07-13&adults=6&children=0&infants=0&pets=0,13,Sunny apartment - beach 600m,1,1,1,Pärnu,"['https://a0.muscache.com/im/pictures/miso/Hosting-11857817/original/fc465e21-90d6-4022-90a2-86110259b6fb.jpeg?im_w=720', 'https://a0.muscache.com/im/pictures/miso/Hosting-11857817/original/16c98681-b507-436c-b658-f4af00acd5ec.jpeg?im_w=720', 'https://a0.muscache.com/im/pictures/miso/Hosting-11857817/original/4806e0c6-2a29-438e-858a-aab9f9cf8c95.jpeg?im_w=720', 'https://a0.muscache.com/im/pictures/miso/Hosting-11857817/original/9e9e2983-a4cc-4017-8f55-c89b73e173f0.jpeg?im_w=720', 'https://a0.muscache.com/im/pictures/miso/Hosting-11857817/original/a234414f-e4f1-45a3-b59a-8539c4a09cab.jpeg?im_w=720', 'https://a0.muscache.com/im/pictures/cddf9c0b-c683-4ecb-ba3c-100d95651462.jpg?im_w=720', 'https://a0.muscache.com/im/pictures/9eafc7e6-af94-49db-be64-4b3516236c17.jpg?im_w=720', 'https://a0.muscache.com/im/pictures/8b5bdb77-d272-4873-8a6f-094a0146db2f.jpg?im_w=720', 'https://a0.muscache.com/im/pictures/miso/Hosting-11857817/original/757441ae-6f77-42b9-87de-044708d50608.jpeg?im_w=720', 'https://a0.muscache.com/im/pictures/91338f91-0ed5-4d94-bf4e-26e878d1b3aa.jpg?im_w=720', 'https://a0.muscache.com/im/pictures/5440c587-66af-4e76-aef1-7d772e31a35f.jpg?im_w=720', 'https://a0.muscache.com/im/pictures/b634a2d4-19a6-4b3a-824f-93e0f7960746.jpg?im_w=720', 'https://a0.muscache.com/im/pictures/980f4bab-df4f-4275-ba30-8c40a9d82c57.jpg?im_w=720', 'https://a0.muscache.com/im/pictures/ce5c077e-9cbc-4cda-9d53-ff29d3a7fb1f.jpg?im_w=720', 'https://a0.muscache.com/im/pictures/77b3a262-8ed2-4a3b-a8e0-eb6a729c0f0d.jpg?im_w=720', 'https://a0.muscache.com/im/pictures/a751fb14-27c1-4809-988d-b807079758ad.jpg?im_w=720']",https://a0.muscache.com/im/pictures/user/decc95bd-00d6-47db-8192-69d74aec73fc.jpg?aki_policy=profile_x_medium,False,False,58.3756,24.5144,6,6,4.5,Entire rental unit,7865395,"Pärnu, Pärnu maakond, Estonia","[1, 2, 3, 4, 8, 9, 77, 85, 23, 89, 90, 91, 93, 30, 94, 31, 95, 96, 33, 674, 35, 36, 100, 37, 39, 40, 44, 45, 46]","['Free parking', 'Wifi', 'Kitchen']",CANCEL_MODERATE,"{'rate': 285, 'currency': 'EUR', 'total': 570, 'priceItems': [{'title': '€\xa0229 x 2 nights', 'amount': 458}, {'title': 'Cleaning fee', 'amount': 30}, {'title': 'Airbnb service fee', 'amount': 82}]}"
917233414677622101,https://www.airbnb.com/rooms/917233414677622101,https://www.airbnb.com/rooms/917233414677622101?check_in=2024-07-11&check_out=2024-07-13&adults=6&children=0&infants=0&pets=0,14,"Villa+loft summer house, sauna, lake, Pärnu beach",2.5,4,6,Laadi,"['https://a0.muscache.com/im/pictures/miso/Hosting-917233414677622101/original/3e85926d-df9b-4803-88fd-8e1d2fee02c7.jpeg?im_w=720', 'https://a0.muscache.com/im/pictures/miso/Hosting-917233414677622101/original/af7f07e7-642b-4b40-bd07-93128679ca86.jpeg?im_w=720', 'https://a0.muscache.com/im/pictures/miso/Hosting-917233414677622101/original/eca89207-80e3-477d-a011-a8413e0a3486.jpeg?im_w=720', 'https://a0.muscache.com/im/pictures/miso/Hosting-917233414677622101/original/d7a9b52b-bd93-4b75-82c3-6ebf158536dd.jpeg?im_w=720', 'https://a0.muscache.com/im/pictures/miso/Hosting-917233414677622101/original/1674d168-934c-4d4f-b588-3292e919f97b.jpeg?im_w=720', 'https://a0.muscache.com/im/pictures/miso/Hosting-917233414677622101/original/2586f744-bb27-4192-9ea7-1feca97d614c.jpeg?im_w=720', 'https://a0.muscache.com/im/pictures/miso/Hosting-917233414677622101/original/95180478-d6aa-4c75-8a36-55d01b1aa97d.jpeg?im_w=720', 'https://a0.muscache.com/im/pictures/miso/Hosting-917233414677622101/original/6af36cad-41f0-48bd-9ea8-752d2af1b0c4.jpeg?im_w=720', 'https://a0.muscache.com/im/pictures/miso/Hosting-917233414677622101/original/815a3805-4ba3-4cbe-a570-4d92379d83f4.jpeg?im_w=720', 'https://a0.muscache.com/im/pictures/miso/Hosting-917233414677622101/original/3cb314fb-413e-465d-b83e-ad0dc22ece12.jpeg?im_w=720', 'https://a0.muscache.com/im/pictures/miso/Hosting-917233414677622101/original/4c356512-870f-48f7-be30-16e9e6df4e55.jpeg?im_w=720', 'https://a0.muscache.com/im/pictures/miso/Hosting-917233414677622101/original/67860f0c-ddbc-44e4-8256-b297240ba560.jpeg?im_w=720', 'https://a0.muscache.com/im/pictures/miso/Hosting-917233414677622101/original/f9f7e49a-c672-464b-a5dc-ae601136bf49.jpeg?im_w=720', 'https://a0.muscache.com/im/pictures/miso/Hosting-917233414677622101/original/32af3fe2-2cae-4e5a-b4c9-81e7e87659c8.jpeg?im_w=720', 'https://a0.muscache.com/im/pictures/miso/Hosting-917233414677622101/original/c53498fa-60ad-4f92-a230-3e6919d3bf05.jpeg?im_w=720', 'https://a0.muscache.com/im/pictures/miso/Hosting-917233414677622101/original/bdf47906-48c4-43df-b53c-44895c505f8d.jpeg?im_w=720', 'https://a0.muscache.com/im/pictures/miso/Hosting-917233414677622101/original/e6508e36-d5f8-4317-a4f4-1e96ef3e1255.jpeg?im_w=720', 'https://a0.muscache.com/im/pictures/miso/Hosting-917233414677622101/original/649b79b6-7bdf-43f6-a5ac-2f9d096a4ce8.jpeg?im_w=720', 'https://a0.muscache.com/im/pictures/miso/Hosting-917233414677622101/original/b4450213-226a-48fa-9b0d-65b3f0025c4e.jpeg?im_w=720', 'https://a0.muscache.com/im/pictures/miso/Hosting-917233414677622101/original/4a5756cd-2e2a-4e66-bbdb-cdc456b43a31.jpeg?im_w=720', 'https://a0.muscache.com/im/pictures/miso/Hosting-917233414677622101/original/cbb1b73a-b563-4bb8-8979-6789ec7abdd8.jpeg?im_w=720', 'https://a0.muscache.com/im/pictures/miso/Hosting-917233414677622101/original/e2e17215-6f17-4b18-ab7c-cf58f448091a.jpeg?im_w=720', 'https://a0.muscache.com/im/pictures/miso/Hosting-917233414677622101/original/ca544bad-1b91-4282-916f-335ad883eb16.jpeg?im_w=720', 'https://a0.muscache.com/im/pictures/miso/Hosting-917233414677622101/original/3e24729b-fc26-45f6-9bdd-8f7f8cadb6e5.jpeg?im_w=720', 'https://a0.muscache.com/im/pictures/miso/Hosting-917233414677622101/original/c033f683-5d8c-4e95-9ba2-7f6c396f9cc4.jpeg?im_w=720', 'https://a0.muscache.com/im/pictures/miso/Hosting-917233414677622101/original/db729960-7f7a-41cd-abfa-2fbca0f2c19e.jpeg?im_w=720', 'https://a0.muscache.com/im/pictures/miso/Hosting-917233414677622101/original/4dc5a524-54b4-4a35-a411-8bc54b7c29f9.jpeg?im_w=720', 'https://a0.muscache.com/im/pictures/miso/Hosting-917233414677622101/original/ce8dd77a-535e-4552-ad21-acdbf7c7a1ce.jpeg?im_w=720', 'https://a0.muscache.com/im/pictures/miso/Hosting-917233414677622101/original/0b8efe80-458e-45a8-b1eb-fa8d0a571906.jpeg?im_w=720', 'https://a0.muscache.com/im/pictures/miso/Hosting-917233414677622101/original/0ecf3907-c314-4548-a363-f35abfa4d096.jpeg?im_w=720']",https://a0.muscache.com/im/pictures/user/User-497401580/original/c77a3e15-b4d8-4898-b73b-38283c985bd8.jpeg?aki_policy=profile_x_medium,False,False,58.2697014,24.6159068,14,5,5,Entire place,497401580,"Laadi, Pärnu County, Estonia","[1, 129, 4, 132, 133, 8, 9, 137, 394, 12, 657, 23, 280, 153, 665, 27, 667, 30, 415, 671, 32, 672, 33, 34, 674, 35, 36, 37, 39, 40, 41, 44, 45, 46, 47, 179, 308, 57, 185, 73, 201, 77, 79, 211, 85, 86, 91, 219, 347, 92, 93, 94, 95, 223, 96, 97, 99, 227, 611, 100, 101, 102, 103, 104, 232, 107, 236, 625, 626, 248, 251, 510]","['Hosted by a business', 'Free parking', 'Wifi', 'Kitchen']",CANCEL_MODERATE,"{'rate': 549, 'currency': 'EUR', 'total': 1097, 'priceItems': [{'title': '€\xa0440 x 2 nights', 'amount': 879}, {'title': 'Cleaning fee', 'amount': 60}, {'title': 'Airbnb service fee', 'amount': 158}]}"
27540776,https://www.airbnb.com/rooms/27540776,https://www.airbnb.com/rooms/27540776?check_in=2024-07-11&check_out=2024-07-13&adults=6&children=0&infants=0&pets=0,15,Helmondi Sauna House,1,1,5,Kõrsa,"['https://a0.muscache.com/im/pictures/f1af087e-4fe1-486d-bfc0-12ce04a91f52.jpg?im_w=720', 'https://a0.muscache.com/im/pictures/6308e8b2-3547-466e-bf53-786b32f134b4.jpg?im_w=720', 'https://a0.muscache.com/im/pictures/45cf26a0-0e87-4b6b-8496-28e38ce4c615.jpg?im_w=720', 'https://a0.muscache.com/im/pictures/2f9ea1de-3c55-44cf-a93a-8471666573e8.jpg?im_w=720', 'https://a0.muscache.com/im/pictures/678c2e48-e798-45ff-82fd-61b94bd00736.jpg?im_w=720', 'https://a0.muscache.com/im/pictures/f145197e-ea11-4cdc-bf7c-da9d24250723.jpg?im_w=720', 'https://a0.muscache.com/im/pictures/11aeb6aa-af15-40a0-8386-584dc8d04b03.jpg?im_w=720', 'https://a0.muscache.com/im/pictures/5d195c13-9b38-4857-8ed8-1a071ac7eafb.jpg?im_w=720', 'https://a0.muscache.com/im/pictures/edb8a7d9-0635-4d87-914f-1285aaaa2486.jpg?im_w=720', 'https://a0.muscache.com/im/pictures/514ac697-8994-490f-a1d3-dd7daab966fd.jpg?im_w=720', 'https://a0.muscache.com/im/pictures/9ecb6afe-9b53-4984-b17f-a132dbf14142.jpg?im_w=720', 'https://a0.muscache.com/im/pictures/93b8f78e-4515-4936-824e-52b42b3ebf4f.jpg?im_w=720', 'https://a0.muscache.com/im/pictures/96d9d3cd-6eb4-4ba5-85b7-7b70b75e80c9.jpg?im_w=720', 'https://a0.muscache.com/im/pictures/20e8adff-6bfa-41c9-be06-04093800e26e.jpg?im_w=720', 'https://a0.muscache.com/im/pictures/bc716fb0-93f6-441b-bf5d-db2a6f5daf9b.jpg?im_w=720']",https://a0.muscache.com/im/pictures/user/7dda287e-2877-4164-a129-c73eb23727ef.jpg?aki_policy=profile_x_medium,False,False,58.41789,24.68197,10,33,4.76,Entire home,207757708,"Kõrsa, Pärnu maakond, Estonia","[32, 96, 1, 129, 35, 4, 36, 100, 101, 39, 40, 9, 42, 77, 23, 57, 91]","['Free parking', 'Wifi']",CANCEL_STRICT_14_WITH_GRACE_PERIOD,"{'rate': 321, 'currency': 'EUR', 'total': 642, 'priceItems': [{'title': '€\xa0275 x 2 nights', 'amount': 550}, {'title': 'Airbnb service fee', 'amount': 92}]}"
663521616756599621,https://www.airbnb.com/rooms/663521616756599621,https://www.airbnb.com/rooms/663521616756599621?check_in=2024-07-11&check_out=2024-07-13&adults=6&children=0&infants=0&pets=0,16,"Beach, golf, and forest house",2,3,3,Reiu,"['https://a0.muscache.com/im/pictures/miso/Hosting-663521616756599621/original/54e3dfb4-a302-41aa-9f7a-33f71bbcdbb8.jpeg?im_w=720', 'https://a0.muscache.com/im/pictures/miso/Hosting-663521616756599621/original/53af9354-e2a5-4b8e-a330-20436a4ca03e.jpeg?im_w=720', 'https://a0.muscache.com/im/pictures/miso/Hosting-663521616756599621/original/bbe88238-eda2-461c-b062-ccb77d80d1d1.jpeg?im_w=720', 'https://a0.muscache.com/im/pictures/miso/Hosting-663521616756599621/original/be0dd49d-d7a1-4544-9bef-57370293e69c.jpeg?im_w=720', 'https://a0.muscache.com/im/pictures/miso/Hosting-663521616756599621/original/cd5c3837-91d2-4695-a90e-810c30bb66a3.jpeg?im_w=720', 'https://a0.muscache.com/im/pictures/miso/Hosting-663521616756599621/original/894637cf-21ed-4479-b12f-abe1a4a3c743.jpeg?im_w=720']",https://a0.muscache.com/im/users/30958062/profile_pic/1434056938/original.jpg?aki_policy=profile_x_medium,False,False,58.31142,24.59467,6,1,,Entire home,30958062,"Reiu, Pärnu maakond, Estonia","[12, 510]",[],CANCEL_FLEXIBLE,"{'rate': 351, 'currency': 'EUR', 'total': 701, 'priceItems': [{'title': '€\xa0250 x 2 nights', 'amount': 500}, {'title': 'Cleaning fee', 'amount': 100}, {'title': 'Airbnb service fee', 'amount': 101}]}"
912229185758693228,https://www.airbnb.com/rooms/912229185758693228,https://www.airbnb.com/rooms/912229185758693228?check_in=2024-07-11&check_out=2024-07-13&adults=6&children=0&infants=0&pets=0,17,Gateway for silence and peace,4.5,2,11,Jõõpre,"['https://a0.muscache.com/im/pictures/5ad6fd9f-00cc-4ee3-8441-63b928e0d2c1.jpg?im_w=720', 'https://a0.muscache.com/im/pictures/aee45c8a-01bb-44d2-b90c-abbcac00150b.jpg?im_w=720', 'https://a0.muscache.com/im/pictures/08a9981a-3b2a-4e7f-8773-37880ef40196.jpg?im_w=720', 'https://a0.muscache.com/im/pictures/40853cf1-d4ad-4eae-af6f-53d9ea4cd7f7.jpg?im_w=720', 'https://a0.muscache.com/im/pictures/cee757e1-822f-4c6e-a6ce-1ccbb70d439e.jpg?im_w=720', 'https://a0.muscache.com/im/pictures/5ee3ee21-bcbb-493c-aa4b-e902c1c3dc2f.jpg?im_w=720', 'https://a0.muscache.com/im/pictures/7cae2147-76cd-4192-a09d-632bcba9c9e8.jpg?im_w=720', 'https://a0.muscache.com/im/pictures/91098229-988c-40e2-bde6-23cc99ff074d.jpg?im_w=720', 'https://a0.muscache.com/im/pictures/90f4b81f-5884-4116-8d0a-d09ed4909c24.jpg?im_w=720', 'https://a0.muscache.com/im/pictures/f6043052-95b5-4960-ae40-23ae1a0752b5.jpg?im_w=720', 'https://a0.muscache.com/im/pictures/6f218e51-e0c3-41b7-a14f-14cf3ffbdf0c.jpg?im_w=720', 'https://a0.muscache.com/im/pictures/b714a6ed-5633-47a7-b355-bbcaafdddfbe.jpg?im_w=720', 'https://a0.muscache.com/im/pictures/12e32f2a-efd4-4ed9-8eb3-6cb8b0c0202a.jpg?im_w=720', 'https://a0.muscache.com/im/pictures/12a9a008-a1a1-4282-9229-0466ae665951.jpg?im_w=720', 'https://a0.muscache.com/im/pictures/f88ca33b-5951-4434-86dc-f6d41f8d6f8d.jpg?im_w=720', 'https://a0.muscache.com/im/pictures/e232ccc3-f627-47a2-95d2-4b039e438e35.jpg?im_w=720', 'https://a0.muscache.com/im/pictures/c4a81fdf-ff8b-46e7-9a43-8a1a246d28ec.jpg?im_w=720', 'https://a0.muscache.com/im/pictures/0fb31283-241f-40e6-892d-6412435b035e.jpg?im_w=720', 'https://a0.muscache.com/im/pictures/70b4bd1e-d16f-4d3b-a168-b967e6951667.jpg?im_w=720']",https://a0.muscache.com/im/Portrait/Avatars/messaging/b3e03835-ade9-4eb7-a0bb-2466ab9a534d.jpg?im_policy=medq_w_text&im_t=U&im_w=240&im_f=airbnb-cereal-medium.ttf&im_c=ffffff,False,False,58.476879743654194,24.348310665168224,11,1,,Shared room in home,446716192,"Jõõpre, Pärnu County, Estonia","[4, 8, 392, 9, 137, 394, 522, 139, 12, 528, 145, 657, 23, 280, 665, 30, 415, 32, 672, 35, 37, 39, 40, 41, 44, 45, 46, 686, 51, 179, 308, 693, 54, 61, 66, 322, 73, 201, 77, 79, 85, 86, 90, 91, 219, 93, 94, 95, 96, 99, 611, 100, 101, 236, 364, 626, 248, 251, 510]","['Free parking', 'Wifi', 'Kitchen', 'Self check-in']",CANCEL_FLEXIBLE,"{'rate': 187, 'currency': 'EUR', 'total': 374, 'priceItems': [{'title': '€\xa0160 x 2 nights', 'amount': 320}, {'title': 'Airbnb service fee', 'amount': 54}]}"
1075759252089057606,https://www.airbnb.com/rooms/1075759252089057606,https://www.airbnb.com/rooms/1075759252089057606?check_in=2024-07-11&check_out=2024-07-13&adults=6&children=0&infants=0&pets=0,18,UKI Guesthouse and 30 sleeping places in campsites,4,8,28,Uulu,"['https://a0.muscache.com/im/pictures/miso/Hosting-793301148326312633/original/c386d934-346d-45b1-8a31-a52939a69587.jpeg?im_w=720', 'https://a0.muscache.com/im/pictures/miso/Hosting-793301148326312633/original/96a943b0-1700-4dd8-9eff-f16d99370422.jpeg?im_w=720', 'https://a0.muscache.com/im/pictures/miso/Hosting-793301148326312633/original/c0dbe383-2814-4231-beba-8f733db87687.png?im_w=720', 'https://a0.muscache.com/im/pictures/miso/Hosting-793301148326312633/original/03772dff-b5d4-4442-8f05-b021adf84b1c.jpeg?im_w=720', 'https://a0.muscache.com/im/pictures/hosting/Hosting-U3RheVN1cHBseUxpc3Rpbmc6MTA3NTc1OTI1MjA4OTA1NzYwNg%3D%3D/original/e9787e5e-1e03-4d36-98a0-4a574a6f421d.png?im_w=720', 'https://a0.muscache.com/im/pictures/hosting/Hosting-U3RheVN1cHBseUxpc3Rpbmc6MTA3NTc1OTI1MjA4OTA1NzYwNg%3D%3D/original/a2ada4d1-26a7-426a-97d6-f2a36ff80e4c.png?im_w=720', 'https://a0.muscache.com/im/pictures/miso/Hosting-793301148326312633/original/6143a3b9-3f98-4055-a0ce-dde6689e5af2.jpeg?im_w=720', 'https://a0.muscache.com/im/pictures/miso/Hosting-793301148326312633/original/80aab827-6e32-48a6-9de6-8f1028dec6fa.jpeg?im_w=720', 'https://a0.muscache.com/im/pictures/miso/Hosting-793301148326312633/original/d9c4f055-c95d-4025-8e98-42bbe16fb0a1.jpeg?im_w=720', 'https://a0.muscache.com/im/pictures/miso/Hosting-793301148326312633/original/60cc747c-b454-4d2a-bd86-13b2876811fe.jpeg?im_w=720', 'https://a0.muscache.com/im/pictures/miso/Hosting-793301148326312633/original/210a613b-8d49-463a-aa41-9a48b886167b.jpeg?im_w=720', 'https://a0.muscache.com/im/pictures/miso/Hosting-793301148326312633/original/dfe259fd-3ef5-4b91-8afe-d2b2326841e4.jpeg?im_w=720', 'https://a0.muscache.com/im/pictures/miso/Hosting-793301148326312633/original/d075eae6-0dcf-4487-8edf-463919f76fdf.jpeg?im_w=720', 'https://a0.muscache.com/im/pictures/miso/Hosting-793301148326312633/original/fbb01151-6d29-40c9-9a1f-25d2702a623a.jpeg?im_w=720', 'https://a0.muscache.com/im/pictures/miso/Hosting-793301148326312633/original/8dcf95ec-2470-4ece-abd8-3f78698b5514.jpeg?im_w=720', 'https://a0.muscache.com/im/pictures/miso/Hosting-793301148326312633/original/2a10af77-cc91-4b6a-a763-bd39ed8ae7eb.jpeg?im_w=720', 'https://a0.muscache.com/im/pictures/miso/Hosting-793301148326312633/original/0f552aa1-4db7-4b22-b359-4b3bbd2ed700.jpeg?im_w=720', 'https://a0.muscache.com/im/pictures/miso/Hosting-793301148326312633/original/9e52041e-f446-4cae-b603-edf744d95302.jpeg?im_w=720', 'https://a0.muscache.com/im/pictures/miso/Hosting-793301148326312633/original/917a3e70-b497-4e3a-bbe3-898215ed7de6.jpeg?im_w=720', 'https://a0.muscache.com/im/pictures/miso/Hosting-793301148326312633/original/d3ab5de8-611a-4158-b85b-78c66ff3b84a.jpeg?im_w=720', 'https://a0.muscache.com/im/pictures/miso/Hosting-793301148326312633/original/d85ef75b-117d-4d11-8713-7f5309eae55c.jpeg?im_w=720', 'https://a0.muscache.com/im/pictures/miso/Hosting-793301148326312633/original/5df49647-6702-4c41-922c-e595c14e3ef4.jpeg?im_w=720', 'https://a0.muscache.com/im/pictures/miso/Hosting-793301148326312633/original/369cc013-5a10-4ceb-b59e-0fb8187aaa39.jpeg?im_w=720', 'https://a0.muscache.com/im/pictures/miso/Hosting-793301148326312633/original/0937c871-6bb2-4a1e-9440-f886128487fc.jpeg?im_w=720', 'https://a0.muscache.com/im/pictures/miso/Hosting-793301148326312633/original/3d9edf0a-aad3-4bd6-bf13-9e58b26b64b0.jpeg?im_w=720', 'https://a0.muscache.com/im/pictures/miso/Hosting-793301148326312633/original/5195ccd5-8dc9-4d68-b670-c481641b7488.jpeg?im_w=720', 'https://a0.muscache.com/im/pictures/miso/Hosting-793301148326312633/original/e37e30df-f49b-4231-9f37-73c0d704600a.jpeg?im_w=720', 'https://a0.muscache.com/im/pictures/miso/Hosting-793301148326312633/original/65d928ee-0491-4aa2-b9d2-bca6026ad338.jpeg?im_w=720', 'https://a0.muscache.com/im/pictures/hosting/Hosting-U3RheVN1cHBseUxpc3Rpbmc6NzkzMzAxMTQ4MzI2MzEyNjMz/original/333a61f8-9e1a-4217-ab7c-f6652c93c528.jpeg?im_w=720', 'https://a0.muscache.com/im/pictures/hosting/Hosting-U3RheVN1cHBseUxpc3Rpbmc6NzkzMzAxMTQ4MzI2MzEyNjMz/original/2c6fb851-12b1-4c89-864c-ec467c005003.jpeg?im_w=720']",https://a0.muscache.com/im/Portrait/Avatars/messaging/b3e03835-ade9-4eb7-a0bb-2466ab9a534d.jpg?im_policy=medq_w_text&im_t=P&im_w=240&im_f=airbnb-cereal-medium.ttf&im_c=ffffff,False,False,58.2790825,24.5655148,16,0,,Entire guesthouse,493121509,"Uulu, Pärnu maakond, Estonia","[1, 129, 4, 8, 392, 9, 137, 394, 522, 11, 12, 280, 153, 665, 27, 667, 30, 287, 415, 671, 32, 672, 33, 34, 674, 35, 36, 37, 39, 40, 41, 44, 45, 46, 179, 308, 184, 57, 185, 60, 64, 66, 73, 74, 77, 79, 211, 85, 86, 87, 89, 90, 91, 92, 93, 94, 95, 96, 97, 98, 99, 611, 100, 101, 103, 107, 236, 625, 626, 510]","['Free parking', 'Wifi', 'Kitchen']",CANCEL_MODERATE,"{'rate': 766, 'currency': 'EUR', 'total': 1532, 'priceItems': [{'title': '€\xa0656 x 2 nights', 'amount': 1312}, {'title': 'Airbnb service fee', 'amount': 220}]}"
902571007644645429,https://www.airbnb.com/rooms/902571007644645429,https://www.airbnb.com/rooms/902571007644645429?check_in=2024-07-11&check_out=2024-07-13&adults=6&children=0&infants=0&pets=0,19,Old Farmhouse and smokesauna.,1.5,2,6,Saulepa,"['https://a0.muscache.com/im/pictures/miso/Hosting-902571007644645429/original/7d6a6fe4-ede9-44c6-9112-5355247dccfa.jpeg?im_w=720', 'https://a0.muscache.com/im/pictures/miso/Hosting-902571007644645429/original/9a24a74d-f4fd-46e1-aca5-1018fd79e92f.jpeg?im_w=720', 'https://a0.muscache.com/im/pictures/miso/Hosting-902571007644645429/original/1b5bbd92-3326-4d9a-a7f1-647a82429b8b.jpeg?im_w=720', 'https://a0.muscache.com/im/pictures/miso/Hosting-902571007644645429/original/16c5e4f4-1587-443e-ad14-66ae47d2719f.jpeg?im_w=720', 'https://a0.muscache.com/im/pictures/miso/Hosting-902571007644645429/original/311259e2-1ff7-48c2-8a03-9a4c90d1b836.jpeg?im_w=720', 'https://a0.muscache.com/im/pictures/miso/Hosting-902571007644645429/original/fcb427d3-f4af-452b-a694-5637d36a91aa.jpeg?im_w=720', 'https://a0.muscache.com/im/pictures/miso/Hosting-902571007644645429/original/b1db188a-c3a5-4cfe-886f-6524e35f761a.jpeg?im_w=720', 'https://a0.muscache.com/im/pictures/miso/Hosting-902571007644645429/original/09bf03d8-b9a3-455d-8c91-e18b640a5a1a.jpeg?im_w=720', 'https://a0.muscache.com/im/pictures/miso/Hosting-902571007644645429/original/a0330fed-0343-4d07-bc6d-89aa8225dfef.jpeg?im_w=720', 'https://a0.muscache.com/im/pictures/miso/Hosting-902571007644645429/original/556121f3-8874-4e8e-992e-0b65a7ac1166.jpeg?im_w=720', 'https://a0.muscache.com/im/pictures/miso/Hosting-902571007644645429/original/7eec8aab-a863-4986-a9dc-c23d76d74094.jpeg?im_w=720', 'https://a0.muscache.com/im/pictures/miso/Hosting-902571007644645429/original/7227c017-8ae4-4c43-ab39-d25524392764.jpeg?im_w=720', 'https://a0.muscache.com/im/pictures/miso/Hosting-902571007644645429/original/1f19e25f-69ca-4cf2-99de-3fd5d789ee2c.jpeg?im_w=720', 'https://a0.muscache.com/im/pictures/miso/Hosting-902571007644645429/original/f153a657-acc5-479e-aae7-5c2d68e5fac2.jpeg?im_w=720', 'https://a0.muscache.com/im/pictures/miso/Hosting-902571007644645429/original/adce57a3-e5c4-4328-993d-6de044ad6a50.jpeg?im_w=720', 'https://a0.muscache.com/im/pictures/miso/Hosting-902571007644645429/original/8ac400a1-c90c-423e-aa92-fa9d1c060733.jpeg?im_w=720', 'https://a0.muscache.com/im/pictures/miso/Hosting-902571007644645429/original/d2ffd835-4419-46e1-a3f5-7bdb0c64616e.jpeg?im_w=720', 'https://a0.muscache.com/im/pictures/miso/Hosting-902571007644645429/original/bd228f1a-d6b3-4fc4-9ab2-362fa8fc42fb.jpeg?im_w=720', 'https://a0.muscache.com/im/pictures/miso/Hosting-902571007644645429/original/d24c8342-36ea-40af-8806-f94349b1999f.jpeg?im_w=720', 'https://a0.muscache.com/im/pictures/miso/Hosting-902571007644645429/original/c3897d4b-198c-4b7f-95e1-f5840798972e.jpeg?im_w=720', 'https://a0.muscache.com/im/pictures/miso/Hosting-902571007644645429/original/2297ee3e-9cfc-45af-982e-5e7bfc633f8e.jpeg?im_w=720', 'https://a0.muscache.com/im/pictures/miso/Hosting-902571007644645429/original/ba8e7717-0954-4156-9836-ce18e4dc1264.jpeg?im_w=720', 'https://a0.muscache.com/im/pictures/miso/Hosting-902571007644645429/original/70bddd07-c662-439c-87ed-a1a7ba0e0810.jpeg?im_w=720', 'https://a0.muscache.com/im/pictures/miso/Hosting-902571007644645429/original/79479069-4c89-42d0-b20b-f69bdddba869.jpeg?im_w=720', 'https://a0.muscache.com/im/pictures/miso/Hosting-902571007644645429/original/e26a4ecf-c1ef-4a9a-8ee2-d2c73bbb1069.jpeg?im_w=720', 'https://a0.muscache.com/im/pictures/miso/Hosting-902571007644645429/original/1a9bac02-ca0d-402c-ae7d-65691978a727.jpeg?im_w=720', 'https://a0.muscache.com/im/pictures/miso/Hosting-902571007644645429/original/03e0c7c0-63a5-4e99-bcf0-cd8e78599aa9.jpeg?im_w=720', 'https://a0.muscache.com/im/pictures/miso/Hosting-902571007644645429/original/68d831a9-2f9f-4f60-9d4d-6d84d226766f.jpeg?im_w=720', 'https://a0.muscache.com/im/pictures/miso/Hosting-902571007644645429/original/e2804e8e-55e6-4900-8906-6efbbb352a88.jpeg?im_w=720', 'https://a0.muscache.com/im/pictures/miso/Hosting-902571007644645429/original/72e10e0b-7b56-42a7-9c1f-66f43a99c11d.jpeg?im_w=720']",https://a0.muscache.com/im/pictures/user/23186591-194a-4ba8-9cfd-4861f011b691.jpg?aki_policy=profile_x_medium,False,False,58.36425,24.28838,9,0,,Entire home,385578224,"Saulepa, Pärnu County, Estonia","[129, 133, 8, 9, 137, 394, 11, 12, 661, 280, 665, 27, 667, 30, 32, 672, 33, 674, 35, 36, 37, 40, 44, 45, 179, 308, 693, 184, 57, 73, 201, 77, 211, 85, 86, 89, 90, 91, 219, 92, 93, 94, 95, 223, 96, 99, 611, 100, 101, 102, 104, 236, 364, 110, 625, 626, 251]","['Free parking', 'Kitchen']",CANCEL_BETTER_STRICT_WITH_GRACE_PERIOD,"{'rate': 543, 'currency': 'EUR', 'total': 1086, 'priceItems': [{'title': '€\xa0450 x 2 nights', 'amount': 900}, {'title': 'Cleaning fee', 'amount': 30}, {'title': 'Airbnb service fee', 'amount': 156}]}"
905078311920108656,https://www.airbnb.com/rooms/905078311920108656,https://www.airbnb.com/rooms/905078311920108656?check_in=2024-07-11&check_out=2024-07-13&adults=6&children=0&infants=0&pets=0,20,Armas ja hubane saunamaja.,1,2,12,Pärnu,"['https://a0.muscache.com/im/pictures/c32ab4b7-5b5e-4685-934e-40af130a3045.jpg?im_w=720', 'https://a0.muscache.com/im/pictures/miso/Hosting-905078311920108656/original/2463ed30-f3ca-49d7-b9fb-8720b030523b.jpeg?im_w=720', 'https://a0.muscache.com/im/pictures/miso/Hosting-905078311920108656/original/732fbc07-7766-4f2c-8bdd-a01b2eb6eae5.jpeg?im_w=720', 'https://a0.muscache.com/im/pictures/miso/Hosting-905078311920108656/original/c6b8ba31-a84d-4ec7-b367-93b6f51c2dae.jpeg?im_w=720', 'https://a0.muscache.com/im/pictures/miso/Hosting-905078311920108656/original/ac619a71-72b1-4ec2-8c24-bfb2552a41f8.jpeg?im_w=720', 'https://a0.muscache.com/im/pictures/miso/Hosting-905078311920108656/original/c1aa5f89-a788-4677-a0a9-f99426fa0eef.jpeg?im_w=720', 'https://a0.muscache.com/im/pictures/miso/Hosting-905078311920108656/original/d5892863-107e-40b9-9fc2-cf3fa85d9348.jpeg?im_w=720', 'https://a0.muscache.com/im/pictures/miso/Hosting-905078311920108656/original/56919197-bfd9-4802-9d9d-21333a8c4881.jpeg?im_w=720', 'https://a0.muscache.com/im/pictures/miso/Hosting-905078311920108656/original/25743c8f-613c-4935-ab7c-1647fc603f44.jpeg?im_w=720', 'https://a0.muscache.com/im/pictures/miso/Hosting-905078311920108656/original/0b578311-8774-4a8d-b3bd-9642dc300cbb.jpeg?im_w=720', 'https://a0.muscache.com/im/pictures/f7223712-06f2-44cf-b35f-cef54665b434.jpg?im_w=720', 'https://a0.muscache.com/im/pictures/1d6fe263-cb10-48e5-ad4e-fe67fe777e35.jpg?im_w=720', 'https://a0.muscache.com/im/pictures/6aca7e23-293f-4ee6-8a73-2daa6bdeb2b7.jpg?im_w=720', 'https://a0.muscache.com/im/pictures/acacfabb-d508-4b8a-b3be-74faa8509680.jpg?im_w=720', 'https://a0.muscache.com/im/pictures/cb037298-442c-431f-a750-8e6660a1d644.jpg?im_w=720', 'https://a0.muscache.com/im/pictures/3bcd2848-de7a-4d8d-a411-362f85bee7b8.jpg?im_w=720', 'https://a0.muscache.com/im/pictures/b561ddbb-821b-421f-85a2-3f165b101249.jpg?im_w=720', 'https://a0.muscache.com/im/pictures/e3e80b0c-7b26-42c3-ac45-2ba12b3375b2.jpg?im_w=720', 'https://a0.muscache.com/im/pictures/f9c127a0-0935-4c83-9a66-cece45fb4268.jpg?im_w=720', 'https://a0.muscache.com/im/pictures/1d4f827c-1c6d-478d-86d5-ba3b5f215fa8.jpg?im_w=720', 'https://a0.muscache.com/im/pictures/71950b39-3896-43a8-9cf7-d6e066959300.jpg?im_w=720', 'https://a0.muscache.com/im/pictures/86b82959-9044-4ef4-b2c7-82e482e54a82.jpg?im_w=720']",https://a0.muscache.com/im/Portrait/Avatars/messaging/b3e03835-ade9-4eb7-a0bb-2466ab9a534d.jpg?im_policy=medq_w_text&im_t=M&im_w=240&im_f=airbnb-cereal-medium.ttf&im_c=ffffff,False,False,58.42912,24.29019,16,2,,Entire cabin,517897364,"Pärnu, Pärnu County, Estonia","[32, 674, 35, 99, 36, 37, 7, 39, 8, 9, 179, 27, 219]","['Free parking', 'Kitchen']",CANCEL_FLEXIBLE,"{'rate': 467, 'currency': 'EUR', 'total': 934, 'priceItems': [{'title': '€\xa0400 x 2 nights', 'amount': 800}, {'title': 'Airbnb service fee', 'amount': 134}]}"
1079481765177006214,https://www.airbnb.com/rooms/1079481765177006214,https://www.airbnb.com/rooms/1079481765177006214?check_in=2024-07-11&check_out=2024-07-13&adults=6&children=0&infants=0&pets=0,21,UKI Holiday Village party hall and 35 beds in campsites.,4,9,28,Uulu,"['https://a0.muscache.com/im/pictures/hosting/Hosting-U3RheVN1cHBseUxpc3Rpbmc6MTA3OTQ4MTc2NTE3NzAwNjIxNA%3D%3D/original/29f99c5e-1d1f-4d2c-b709-eb856594e4bc.jpeg?im_w=720', 'https://a0.muscache.com/im/pictures/miso/Hosting-793301148326312633/original/c386d934-346d-45b1-8a31-a52939a69587.jpeg?im_w=720', 'https://a0.muscache.com/im/pictures/miso/Hosting-793301148326312633/original/96a943b0-1700-4dd8-9eff-f16d99370422.jpeg?im_w=720', 'https://a0.muscache.com/im/pictures/miso/Hosting-793301148326312633/original/c0dbe383-2814-4231-beba-8f733db87687.png?im_w=720', 'https://a0.muscache.com/im/pictures/miso/Hosting-793301148326312633/original/03772dff-b5d4-4442-8f05-b021adf84b1c.jpeg?im_w=720', 'https://a0.muscache.com/im/pictures/hosting/Hosting-U3RheVN1cHBseUxpc3Rpbmc6MTA3NTc1OTI1MjA4OTA1NzYwNg%3D%3D/original/e9787e5e-1e03-4d36-98a0-4a574a6f421d.png?im_w=720', 'https://a0.muscache.com/im/pictures/hosting/Hosting-U3RheVN1cHBseUxpc3Rpbmc6MTA3NTc1OTI1MjA4OTA1NzYwNg%3D%3D/original/a2ada4d1-26a7-426a-97d6-f2a36ff80e4c.png?im_w=720', 'https://a0.muscache.com/im/pictures/miso/Hosting-793301148326312633/original/d9c4f055-c95d-4025-8e98-42bbe16fb0a1.jpeg?im_w=720', 'https://a0.muscache.com/im/pictures/miso/Hosting-793301148326312633/original/210a613b-8d49-463a-aa41-9a48b886167b.jpeg?im_w=720', 'https://a0.muscache.com/im/pictures/miso/Hosting-793301148326312633/original/8dcf95ec-2470-4ece-abd8-3f78698b5514.jpeg?im_w=720', 'https://a0.muscache.com/im/pictures/miso/Hosting-793301148326312633/original/d85ef75b-117d-4d11-8713-7f5309eae55c.jpeg?im_w=720', 'https://a0.muscache.com/im/pictures/miso/Hosting-793301148326312633/original/e37e30df-f49b-4231-9f37-73c0d704600a.jpeg?im_w=720', 'https://a0.muscache.com/im/pictures/miso/Hosting-793301148326312633/original/65d928ee-0491-4aa2-b9d2-bca6026ad338.jpeg?im_w=720', 'https://a0.muscache.com/im/pictures/hosting/Hosting-U3RheVN1cHBseUxpc3Rpbmc6NzkzMzAxMTQ4MzI2MzEyNjMz/original/333a61f8-9e1a-4217-ab7c-f6652c93c528.jpeg?im_w=720', 'https://a0.muscache.com/im/pictures/hosting/Hosting-U3RheVN1cHBseUxpc3Rpbmc6NzkzMzAxMTQ4MzI2MzEyNjMz/original/79a3174c-d444-4edb-8865-c71ae18cc458.jpeg?im_w=720', 'https://a0.muscache.com/im/pictures/hosting/Hosting-U3RheVN1cHBseUxpc3Rpbmc6NzkzMzAxMTQ4MzI2MzEyNjMz/original/6b7892aa-aac0-4c1b-b02d-e020324b5fc0.jpeg?im_w=720', 'https://a0.muscache.com/im/pictures/hosting/Hosting-U3RheVN1cHBseUxpc3Rpbmc6NzkzMzAxMTQ4MzI2MzEyNjMz/original/820ae2a6-5483-485c-bfb8-203a8c95cd2f.jpeg?im_w=720', 'https://a0.muscache.com/im/pictures/hosting/Hosting-U3RheVN1cHBseUxpc3Rpbmc6MTA3NTc1OTI1MjA4OTA1NzYwNg%3D%3D/original/034e41fa-ff34-4d6d-b871-c3e41c046261.jpeg?im_w=720', 'https://a0.muscache.com/im/pictures/hosting/Hosting-U3RheVN1cHBseUxpc3Rpbmc6MTA3NTc1OTI1MjA4OTA1NzYwNg%3D%3D/original/1f413440-b4a1-43bd-8b64-e379a237534c.jpeg?im_w=720', 'https://a0.muscache.com/im/pictures/hosting/Hosting-U3RheVN1cHBseUxpc3Rpbmc6MTA3OTQ4MTc2NTE3NzAwNjIxNA%3D%3D/original/c08f22a6-67bf-47dc-9606-42e66f44886e.jpeg?im_w=720', 'https://a0.muscache.com/im/pictures/hosting/Hosting-U3RheVN1cHBseUxpc3Rpbmc6MTA3OTQ4MTc2NTE3NzAwNjIxNA%3D%3D/original/448ddcc0-5ae4-4e7b-8660-27d296aa6902.jpeg?im_w=720', 'https://a0.muscache.com/im/pictures/hosting/Hosting-U3RheVN1cHBseUxpc3Rpbmc6MTA3OTQ4MTc2NTE3NzAwNjIxNA%3D%3D/original/96519c1c-ac46-4e75-82f8-8cfcff6094d8.jpeg?im_w=720', 'https://a0.muscache.com/im/pictures/hosting/Hosting-U3RheVN1cHBseUxpc3Rpbmc6MTA3OTQ4MTc2NTE3NzAwNjIxNA%3D%3D/original/69499c64-35e7-4d2b-ab76-b639e1b77f51.jpeg?im_w=720', 'https://a0.muscache.com/im/pictures/hosting/Hosting-U3RheVN1cHBseUxpc3Rpbmc6MTA3OTQ4MTc2NTE3NzAwNjIxNA%3D%3D/original/ef5687c7-5e91-4f0b-97ac-0ded1ef8df28.jpeg?im_w=720', 'https://a0.muscache.com/im/pictures/hosting/Hosting-U3RheVN1cHBseUxpc3Rpbmc6MTA3OTQ4MTc2NTE3NzAwNjIxNA%3D%3D/original/0f409422-2161-4f38-b27f-3861555cdc12.jpeg?im_w=720', 'https://a0.muscache.com/im/pictures/hosting/Hosting-U3RheVN1cHBseUxpc3Rpbmc6MTA3OTQ4MTc2NTE3NzAwNjIxNA%3D%3D/original/1396f9c8-4aee-4f4b-ba72-90ca8278a6cb.jpeg?im_w=720', 'https://a0.muscache.com/im/pictures/hosting/Hosting-U3RheVN1cHBseUxpc3Rpbmc6MTA3OTQ4MTc2NTE3NzAwNjIxNA%3D%3D/original/05395e82-45cb-4bed-87c1-efc02e3ae187.jpeg?im_w=720', 'https://a0.muscache.com/im/pictures/miso/Hosting-793301148326312633/original/6143a3b9-3f98-4055-a0ce-dde6689e5af2.jpeg?im_w=720', 'https://a0.muscache.com/im/pictures/miso/Hosting-793301148326312633/original/80aab827-6e32-48a6-9de6-8f1028dec6fa.jpeg?im_w=720', 'https://a0.muscache.com/im/pictures/miso/Hosting-793301148326312633/original/60cc747c-b454-4d2a-bd86-13b2876811fe.jpeg?im_w=720']",https://a0.muscache.com/im/Portrait/Avatars/messaging/b3e03835-ade9-4eb7-a0bb-2466ab9a534d.jpg?im_policy=medq_w_text&im_t=P&im_w=240&im_f=airbnb-cereal-medium.ttf&im_c=ffffff,False,False,58.2790825,24.5655148,16,0,,Entire home,493121509,"Uulu, Pärnu maakond, Estonia","[1, 129, 4, 8, 392, 9, 137, 394, 522, 11, 12, 280, 153, 665, 27, 667, 30, 287, 415, 671, 32, 672, 33, 34, 674, 35, 36, 37, 39, 40, 41, 44, 45, 46, 179, 308, 184, 57, 185, 60, 64, 66, 73, 74, 77, 79, 211, 85, 86, 87, 89, 90, 91, 92, 93, 94, 95, 96, 97, 98, 99, 611, 100, 101, 103, 107, 236, 625, 626, 510]","['Free parking', 'Wifi', 'Kitchen']",CANCEL_FLEXIBLE,"{'rate': 1739, 'currency': 'EUR', 'total': 3478, 'priceItems': [{'title': '€\xa01,489 x 2 nights', 'amount': 2978}, {'title': 'Airbnb service fee', 'amount': 500}]}"
793301148326312633,https://www.airbnb.com/rooms/793301148326312633,https://www.airbnb.com/rooms/793301148326312633?check_in=2024-07-11&check_out=2024-07-13&adults=6&children=0&infants=0&pets=0,22,UKI Guest House and 20 beds in campsites,3,7,28,Uulu,"['https://a0.muscache.com/im/pictures/miso/Hosting-793301148326312633/original/c386d934-346d-45b1-8a31-a52939a69587.jpeg?im_w=720', 'https://a0.muscache.com/im/pictures/miso/Hosting-793301148326312633/original/96a943b0-1700-4dd8-9eff-f16d99370422.jpeg?im_w=720', 'https://a0.muscache.com/im/pictures/miso/Hosting-793301148326312633/original/498eb24f-9b0a-49c3-97af-d9b13cc5d926.jpeg?im_w=720', 'https://a0.muscache.com/im/pictures/miso/Hosting-793301148326312633/original/d9c4f055-c95d-4025-8e98-42bbe16fb0a1.jpeg?im_w=720', 'https://a0.muscache.com/im/pictures/miso/Hosting-793301148326312633/original/5192358b-8423-4766-96a7-cd858aa66334.jpeg?im_w=720', 'https://a0.muscache.com/im/pictures/miso/Hosting-793301148326312633/original/0f552aa1-4db7-4b22-b359-4b3bbd2ed700.jpeg?im_w=720', 'https://a0.muscache.com/im/pictures/miso/Hosting-793301148326312633/original/c0dbe383-2814-4231-beba-8f733db87687.png?im_w=720', 'https://a0.muscache.com/im/pictures/miso/Hosting-793301148326312633/original/03772dff-b5d4-4442-8f05-b021adf84b1c.jpeg?im_w=720', 'https://a0.muscache.com/im/pictures/miso/Hosting-793301148326312633/original/3d9edf0a-aad3-4bd6-bf13-9e58b26b64b0.jpeg?im_w=720', 'https://a0.muscache.com/im/pictures/miso/Hosting-793301148326312633/original/e37e30df-f49b-4231-9f37-73c0d704600a.jpeg?im_w=720', 'https://a0.muscache.com/im/pictures/miso/Hosting-793301148326312633/original/65d928ee-0491-4aa2-b9d2-bca6026ad338.jpeg?im_w=720', 'https://a0.muscache.com/im/pictures/hosting/Hosting-U3RheVN1cHBseUxpc3Rpbmc6NzkzMzAxMTQ4MzI2MzEyNjMz/original/96d53d9d-9ed4-4061-a208-ca121c5981a0.png?im_w=720', 'https://a0.muscache.com/im/pictures/hosting/Hosting-U3RheVN1cHBseUxpc3Rpbmc6NzkzMzAxMTQ4MzI2MzEyNjMz/original/173705c8-331b-44da-a901-24786a516b3d.png?im_w=720', 'https://a0.muscache.com/im/pictures/miso/Hosting-793301148326312633/original/6143a3b9-3f98-4055-a0ce-dde6689e5af2.jpeg?im_w=720', 'https://a0.muscache.com/im/pictures/miso/Hosting-793301148326312633/original/80aab827-6e32-48a6-9de6-8f1028dec6fa.jpeg?im_w=720', 'https://a0.muscache.com/im/pictures/miso/Hosting-793301148326312633/original/60cc747c-b454-4d2a-bd86-13b2876811fe.jpeg?im_w=720', 'https://a0.muscache.com/im/pictures/miso/Hosting-793301148326312633/original/210a613b-8d49-463a-aa41-9a48b886167b.jpeg?im_w=720', 'https://a0.muscache.com/im/pictures/miso/Hosting-793301148326312633/original/dfe259fd-3ef5-4b91-8afe-d2b2326841e4.jpeg?im_w=720', 'https://a0.muscache.com/im/pictures/miso/Hosting-793301148326312633/original/5041123f-9fad-4a31-953e-f93765228918.jpeg?im_w=720', 'https://a0.muscache.com/im/pictures/miso/Hosting-793301148326312633/original/d075eae6-0dcf-4487-8edf-463919f76fdf.jpeg?im_w=720', 'https://a0.muscache.com/im/pictures/miso/Hosting-793301148326312633/original/fbb01151-6d29-40c9-9a1f-25d2702a623a.jpeg?im_w=720', 'https://a0.muscache.com/im/pictures/miso/Hosting-793301148326312633/original/8dcf95ec-2470-4ece-abd8-3f78698b5514.jpeg?im_w=720', 'https://a0.muscache.com/im/pictures/miso/Hosting-793301148326312633/original/2a10af77-cc91-4b6a-a763-bd39ed8ae7eb.jpeg?im_w=720', 'https://a0.muscache.com/im/pictures/miso/Hosting-793301148326312633/original/9e52041e-f446-4cae-b603-edf744d95302.jpeg?im_w=720', 'https://a0.muscache.com/im/pictures/miso/Hosting-793301148326312633/original/917a3e70-b497-4e3a-bbe3-898215ed7de6.jpeg?im_w=720', 'https://a0.muscache.com/im/pictures/miso/Hosting-793301148326312633/original/d3ab5de8-611a-4158-b85b-78c66ff3b84a.jpeg?im_w=720', 'https://a0.muscache.com/im/pictures/miso/Hosting-793301148326312633/original/d85ef75b-117d-4d11-8713-7f5309eae55c.jpeg?im_w=720', 'https://a0.muscache.com/im/pictures/miso/Hosting-793301148326312633/original/5df49647-6702-4c41-922c-e595c14e3ef4.jpeg?im_w=720', 'https://a0.muscache.com/im/pictures/miso/Hosting-793301148326312633/original/369cc013-5a10-4ceb-b59e-0fb8187aaa39.jpeg?im_w=720', 'https://a0.muscache.com/im/pictures/miso/Hosting-793301148326312633/original/0937c871-6bb2-4a1e-9440-f886128487fc.jpeg?im_w=720']",https://a0.muscache.com/im/Portrait/Avatars/messaging/b3e03835-ade9-4eb7-a0bb-2466ab9a534d.jpg?im_policy=medq_w_text&im_t=P&im_w=240&im_f=airbnb-cereal-medium.ttf&im_c=ffffff,False,False,58.2792370637963,24.565420299768448,16,0,,Entire place,493121509,"Uulu, Pärnu maakond, Estonia","[1, 129, 4, 8, 392, 9, 137, 522, 11, 12, 280, 153, 665, 27, 667, 30, 415, 32, 672, 33, 34, 674, 35, 36, 37, 39, 40, 41, 44, 45, 46, 179, 308, 184, 57, 185, 64, 66, 73, 77, 79, 211, 85, 86, 87, 89, 90, 91, 92, 93, 94, 95, 96, 97, 98, 99, 611, 100, 101, 103, 236, 625, 626, 510]","['Free parking', 'Wifi', 'Kitchen']",CANCEL_MODERATE,"{'rate': 627, 'currency': 'EUR', 'total': 1254, 'priceItems': [{'title': '€\xa0537 x 2 nights', 'amount': 1074}, {'title': 'Airbnb service fee', 'amount': 180}]}"
